Cluster,Criterion,Weight,Lambda_Max,CI,RI,CR
1,Seismic,0.2938559592925609,6.461791444384285,0.09235828887685696,1.24,0.07448249102972336
1,Wildfire,0.2938559592925609,6.461791444384285,0.09235828887685696,1.24,0.07448249102972336
1,Flood,0.03063416832994177,6.461791444384285,0.09235828887685696,1.24,0.07448249102972336
1,Soil Erosion,0.08809398425360665,6.461791444384285,0.09235828887685696,1.24,0.07448249102972336
1,Landslide,0.12389503271288296,6.461791444384285,0.09235828887685696,1.24,0.07448249102972336
1,Asset Vulnerability,0.16966489611844687,6.461791444384285,0.09235828887685696,1.24,0.07448249102972336
2,Seismic,0.24752837551299325,6.526161645970909,0.10523232919418177,1.24,0.0848647816082111
2,Wildfire,0.14648252247739507,6.526161645970909,0.10523232919418177,1.24,0.0848647816082111
2,Flood,0.03721930794900872,6.526161645970909,0.10523232919418177,1.24,0.0848647816082111
2,Soil Erosion,0.03721930794900872,6.526161645970909,0.10523232919418177,1.24,0.0848647816082111
2,Landslide,0.4502473846910214,6.526161645970909,0.10523232919418177,1.24,0.0848647816082111
2,Asset Vulnerability,0.08130310142057291,6.526161645970909,0.10523232919418177,1.24,0.0848647816082111
3,Seismic,0.1456371347375983,6.2998593364580975,0.0599718672916195,1.24,0.04836440910614476
3,Wildfire,0.13048561958608315,6.2998593364580975,0.0599718672916195,1.24,0.04836440910614476
3,Flood,0.040180610762851815,6.2998593364580975,0.0599718672916195,1.24,0.04836440910614476
3,Soil Erosion,0.13048561958608315,6.2998593364580975,0.0599718672916195,1.24,0.04836440910614476
3,Landslide,0.4831263851504421,6.2998593364580975,0.0599718672916195,1.24,0.04836440910614476
3,Asset Vulnerability,0.07008463017694155,6.2998593364580975,0.0599718672916195,1.24,0.04836440910614476
