Cluster,Checkpoint_Iterations,Compared_With,Mean_Abs_Change_in_Site_Mean,Max_Abs_Change_in_Site_Mean,Mean_Abs_Change_in_Site_SD,Max_Abs_Change_in_Site_SD
1,100,,,,,
1,250,100,0.002609644542070678,0.009152657826452248,0.0024993213976897835,0.009587785867816778
1,500,250,0.0011198218826715977,0.0037732060722923677,0.0010748061135117247,0.004735155877552882
1,750,500,0.0008317903667917856,0.002618812846938212,0.0007579886365768415,0.0029139542706881905
1,1000,750,0.0015241453837663102,0.005716567633725411,0.00045135276665714334,0.001392802293270226
2,100,,,,,
2,250,100,0.004839683504992437,0.009765652494581722,0.0007580152028087195,0.001719291019043688
2,500,250,0.0021440195202891135,0.00455687815007888,0.0013576972503882702,0.002601348659438195
2,750,500,0.0008429983351828679,0.0018932272497069746,0.0012066944752695055,0.0034450956263044757
2,1000,750,0.0003052414752987483,0.0009163373566836164,0.00029747255303293603,0.0008293695498480594
3,100,,,,,
3,250,100,0.0021670088683265333,0.005020465986381062,0.0011227482993956775,0.002403399939311754
3,500,250,0.0014889285693673602,0.003354822258145873,0.0008093401729284663,0.0022298643109155275
3,750,500,0.0005272690867981785,0.0011155372391145058,0.0009846126890348612,0.0021055349300169515
3,1000,750,0.0007665849252570344,0.0017058296680678708,0.0004901007077259242,0.0016007009797901761
