Cluster,Site_ID,Site,Excluded_Criteria,Baseline_Applicable_Weight_Sum,Baseline_WLC,Existing_WLC,Baseline_Check_Delta,Baseline_Class,MC_Mean_WLC,MC_SD,MC_CV_Pct,MC_Min_WLC,MC_Max_WLC,MC_Mean_Delta_From_Baseline,MC_Abs_Mean_Delta_From_Baseline,MC_Mean_Class,MC_Mean_Class_Changed,Baseline_Class_Stability_Count,Baseline_Class_Stability_Pct,Count_Very_Low,Pct_Very_Low,Count_Low,Pct_Low,Count_Moderate,Pct_Moderate,Count_High,Pct_High,Count_Very_High,Pct_Very_High
3,SITE_0168,Ancient Theatre of Philippopolis,Soil Erosion,0.8695143804139169,2.697644733135917,2.697645,-2.668640832759195e-07,Low,2.700317778292407,0.07293090179529449,2.700826635353029,2.505518107678514,2.8839436788648283,0.00267304515649025,0.00267304515649025,Low,False,1000,100.0,0,0.0,1000,100.0,0,0.0,0,0.0,0,0.0
1,SITE_0148,Bona Mansio,,1.0,2.939323724262579,2.939324,-2.757374208961494e-07,Low,2.9388644223879035,0.07931147020378676,2.6987114342397645,2.748516291781055,3.1480239113105934,-0.0004593018746756883,0.0004593018746756883,Low,False,1000,100.0,0,0.0,1000,100.0,0,0.0,0,0.0,0,0.0
3,SITE_0174,Inner Fortress wall of Philippopolis,Soil Erosion,0.8695143804139169,2.790065541044176,2.790066,-4.589558240120084e-07,Low,2.7930419476717057,0.07490005307271073,2.681665885295701,2.6004490710737995,2.981091851359707,0.0029764066275297374,0.0029764066275297374,Low,False,1000,100.0,0,0.0,1000,100.0,0,0.0,0,0.0,0,0.0
1,SITE_0141,Peristera Fortress,Soil Erosion,0.9119060157463934,2.28897475932118,2.288975,-2.406788199849075e-07,Low,2.2885952570450705,0.05804202949996239,2.5361421737325283,2.1508935672544367,2.4425479009338176,-0.0003795022761097222,0.0003795022761097222,Low,False,1000,100.0,0,0.0,1000,100.0,0,0.0,0,0.0,0,0.0
1,SITE_0162,Hisarya Fortress walls,Soil Erosion,0.9119060157463934,2.28897475932118,2.288975,-2.406788199849075e-07,Low,2.2885952570450705,0.05804202949996239,2.5361421737325283,2.1508935672544367,2.4425479009338176,-0.0003795022761097222,0.0003795022761097222,Low,False,1000,100.0,0,0.0,1000,100.0,0,0.0,0,0.0,0,0.0
1,SITE_0155,Stanimaka Fortress ruins,Soil Erosion,0.9119060157463934,3.3395640095154584,3.339564,9.515458199160776e-09,Low,3.3399513557114906,0.0838718291068492,2.5111691810548082,3.14203244797559,3.561564960924239,0.0003873461960322011,0.0003873461960322011,Low,False,1000,100.0,0,0.0,1000,100.0,0,0.0,0,0.0,0,0.0
2,SITE_0102,Dolmen Sakartsi,,1.0,3.6892777936246217,3.689278,-2.0637537812007167e-07,Low,3.691159795634744,0.09163210490393743,2.4824746144099152,3.4527652444779404,3.916942321046213,0.0018820020101224522,0.0018820020101224522,Low,False,1000,100.0,0,0.0,1000,100.0,0,0.0,0,0.0,0,0.0
1,SITE_0145,Emporion Pistiros,,1.0,3.184397070902113,3.184397,7.090211306959304e-08,Low,3.1833696036622423,0.07857715621036693,2.4683642175878493,2.9759457882149176,3.3868477313293797,-0.001027467239870905,0.001027467239870905,Low,False,1000,100.0,0,0.0,1000,100.0,0,0.0,0,0.0,0,0.0
3,SITE_0158,Diocletionopolis,Soil Erosion,0.8695143804139169,1.6699699879294478,1.66997,-1.2070552113385702e-08,Very Low,1.6710741035673975,0.03852780454829416,2.3055712769436894,1.5757822284820338,1.7639982445088287,0.0011041156379496542,0.0011041156379496542,Very Low,False,1000,100.0,1000,100.0,0,0.0,0,0.0,0,0.0,0,0.0
3,SITE_0163,Hisarya Roman Baths,Soil Erosion,0.8695143804139169,1.6699699879294478,1.66997,-1.2070552113385702e-08,Very Low,1.6710741035673975,0.03852780454829416,2.3055712769436894,1.5757822284820338,1.7639982445088287,0.0011041156379496542,0.0011041156379496542,Very Low,False,1000,100.0,1000,100.0,0,0.0,0,0.0,0,0.0,0,0.0
1,SITE_0240,Roman mineral baths,Soil Erosion,0.9119060157463934,2.560702394786936,2.560702,3.947869360310108e-07,Low,2.5615583939082245,0.056343157856717195,2.199565623438833,2.423999797838138,2.7118814228131862,0.0008559991212884199,0.0008559991212884199,Low,False,1000,100.0,0,0.0,1000,100.0,0,0.0,0,0.0,0,0.0
1,SITE_0167,Red Church,,1.0,3.4548414850066864,3.454841,4.850066863681946e-07,Low,3.4540862899469937,0.0748653109827061,2.1674418268182576,3.2718322489526295,3.658016937662867,-0.0007551950596926815,0.0007551950596926815,Low,False,1000,100.0,0,0.0,1000,100.0,0,0.0,0,0.0,0,0.0
1,SITE_0245,Kaleto Fortress Bolyarovo,,1.0,4.186349658351375,4.18635,-3.416486249463446e-07,Moderate,4.185630200834101,0.0902345776575206,2.155818200077467,3.9707621770209998,4.408531217243166,-0.0007194575172739803,0.0007194575172739803,Moderate,False,992,99.2,0,0.0,8,0.8,992,99.2,0,0.0,0,0.0
1,SITE_0239,Bereket Mound,,1.0,3.5327430061178187,3.532743,6.117818696083077e-09,Low,3.529865901936235,0.07531588816411702,2.133675619881312,3.302392863313347,3.75293295288266,-0.0028771041815836007,0.0028771041815836007,Low,False,1000,100.0,0,0.0,1000,100.0,0,0.0,0,0.0,0,0.0
1,SITE_0159,Hisarya Basilica 1,Soil Erosion,0.9119060157463934,2.6610852470002784,2.661085,2.4700027845270256e-07,Low,2.660132018099294,0.05452137230035308,2.0495739282635097,2.5329218343784006,2.8005573353419475,-0.0009532289009843709,0.0009532289009843709,Low,False,1000,100.0,0,0.0,1000,100.0,0,0.0,0,0.0,0,0.0
1,SITE_0160,Hisarya Basilica 3,Soil Erosion,0.9119060157463934,2.6610852470002784,2.661085,2.4700027845270256e-07,Low,2.660132018099294,0.05452137230035308,2.0495739282635097,2.5329218343784006,2.8005573353419475,-0.0009532289009843709,0.0009532289009843709,Low,False,1000,100.0,0,0.0,1000,100.0,0,0.0,0,0.0,0,0.0
1,SITE_0161,Hisarya Basilica 8,Soil Erosion,0.9119060157463934,2.6610852470002784,2.661085,2.4700027845270256e-07,Low,2.660132018099294,0.05452137230035308,2.0495739282635097,2.5329218343784006,2.8005573353419475,-0.0009532289009843709,0.0009532289009843709,Low,False,1000,100.0,0,0.0,1000,100.0,0,0.0,0,0.0,0,0.0
1,SITE_0248,Malkoto Kale Fortress,,1.0,4.4341397237771405,4.43414,-2.762228596964178e-07,Moderate,4.434496193772633,0.08870592154801986,2.00036075513132,4.212929801627301,4.647381837393854,0.0003564699954923256,0.0003564699954923256,Moderate,False,1000,100.0,0,0.0,0,0.0,1000,100.0,0,0.0,0,0.0
1,SITE_0140,Church of St. Dimitar,Soil Erosion,0.9119060157463934,4.120755533058136,4.120756,-4.669418638414413e-07,Moderate,4.123319057211292,0.08242703529703715,1.9990457724313166,3.9160553940561926,4.349714990454046,0.0025635241531558606,0.0025635241531558606,Moderate,False,921,92.1,0,0.0,79,7.9,921,92.1,0,0.0,0,0.0
1,SITE_0186,Horizon mound,,1.0,3.193413213880925,3.193413,2.1388092497076627e-07,Low,3.1911292879254436,0.06307049209692726,1.9764317395591784,2.9976772907434888,3.3832921146079946,-0.002283925955481436,0.002283925955481436,Low,False,1000,100.0,0,0.0,1000,100.0,0,0.0,0,0.0,0,0.0
