Site_ID,Site,C_DEM,C_Slope,C_Acos,C_Asin,C_Rusle,C_RusLog,C_FlDep,C_FlDist,C_x,C_y
SITE_0001,Ahtopol Fortress,-1.003660897470000,-0.572333605517000,1.240118468860000,-0.408361370168000,-0.000000005523768,0.000000000000000,-0.044811071419600,-0.469274868852000,0.131559273429000,-0.013458469841800
SITE_0002,Kozareva Mogila,-0.784834041293000,-0.829427850976000,0.189368653516000,-1.167611404990000,-0.336140058231000,-0.190769988898000,-0.044811071419600,0.592510171497000,0.107346348332000,0.087697006540800
SITE_0003,Poros Fortress,-1.054609193610000,-0.639445991076000,0.658994743049000,-1.066399877060000,-0.000000005523768,0.000000000000000,-0.044811071419600,-0.860332990023000,0.100759820754000,0.050275283384500
SITE_0004,Cape Akra settlement,-0.996988658437000,-0.527045102286000,-0.772052237025000,-0.183268886555000,-0.000000005523768,0.000000000000000,-0.044811071419600,-0.253750607856000,0.110859786415000,0.053053677791100
SITE_0005,Deultum,-1.025056640170000,-0.988639656939000,-0.975377407297000,0.123045639630000,-0.000000005523768,0.000000000000000,-0.044811071419600,-0.858434092248000,0.088758487479500,0.039686449775900
SITE_0006,Gornoto Gradishte,-0.968699004054000,-0.750211873858000,0.303894731363000,-1.165015789740000,-0.162962221118000,0.336737270851000,-0.044811071419600,-0.856512479684000,0.088407088374800,0.038189211782700
SITE_0007,Antimovo Fortress,-0.230221762823000,-0.686339946986000,-0.513969032578000,-0.953900301456000,0.130433080391000,2.025514855330000,-0.044811071419600,-0.329764283915000,0.065630361384400,0.073011497561900
SITE_0008,Poros Fortress wall,-1.032457664000000,-0.553071512738000,-0.847814239004000,0.618839311058000,-0.443393604143000,0.000000000000000,-0.044811071419600,-0.861317184180000,0.101055608107000,0.052298736255700
SITE_0009,Dolmen Dragon house,-0.636641342941000,-0.977646263234000,0.040282622592900,0.528565478216000,-0.522136009486000,-1.246244088980000,-0.044811071419600,1.200194530390000,0.118877563345000,0.025134115115600
SITE_0010,Urdoviza Fortress,-1.008989171160000,-0.771182327240000,0.373133247171000,-1.125051755950000,-0.000000005523768,0.000000000000000,-0.044811071419600,0.784702316540000,0.120918138709000,0.011520920139200
SITE_0011,Gradishte Fortress II,-0.329505325787000,-0.929194690970000,-0.733393773507000,-0.519597472475000,0.100782974060000,1.412420618320000,-0.044811071419600,0.740681106606000,0.063291994076400,0.114564143542000
SITE_0012,Mishkova Niva,0.361583736046000,-0.212869099835000,-0.575599577297000,-0.283364511331000,-0.526884616346000,-1.131060624110000,-0.044811071419600,0.302886599976000,0.103042121107000,-0.041454322013500
SITE_0013,Necropolis City of the dead,0.386326526119000,-0.984664066113000,1.220469179300000,0.166009204308000,-0.506001699365000,-1.159421690080000,-0.044811071419600,0.133215795131000,0.102010946532000,-0.036632974147300
SITE_0014,Golyamoto Kale,-0.122195142819000,-0.902012389096000,0.481107085195000,0.813294178928000,-0.543307132339000,-1.110379449350000,-0.044811071419600,0.958864344184000,0.093615914887900,-0.005241096072770
SITE_0015,Church of Christ Pantokrator,-1.014706884750000,-0.706253548780000,0.948874551132000,0.102109397347000,-0.000000005523768,0.000000000000000,-0.044811071419600,1.660418403580000,0.117519198048000,0.091124663334100
SITE_0016,Church of St. John Aliturgetos,-1.023938439420000,-0.201876596626000,-0.891915729152000,-0.168335683928000,-0.000000005523768,0.000000000000000,-0.044811071419600,1.663719130900000,0.117509049412000,0.090859813957300
SITE_0017,Church of St. John the Baptist,-1.016819631840000,-0.240663367143000,1.159921918160000,0.241921832814000,-0.000000005523768,0.000000000000000,-0.044811071419600,1.665680984860000,0.117565746715000,0.091190957817900
SITE_0018,Church of St. Paraskeva,-1.000501618810000,-0.623580026787000,1.260831246820000,0.401958879131000,-0.000000005523768,0.000000000000000,-0.044811071419600,1.676716507250000,0.117658871657000,0.091287634091800
SITE_0019,Church of St. Stefan,-1.005431367000000,-0.319011361274000,0.092563274933800,-1.136877383260000,-0.000000005523768,0.000000000000000,-0.044811071419600,1.661506132600000,0.117504051350000,0.090956114055700
SITE_0020,Church of St. Theodore,-0.991253956928000,-0.606476885504000,-0.851510126597000,-0.439365868451000,-0.000000005523768,0.000000000000000,-0.044811071419600,1.702995439730000,0.117865903104000,0.091353278431300
SITE_0021,Church of St. Vlahara,-0.996878966420000,-0.864127273439000,0.720579063175000,-0.616868761393000,-0.000000005523768,0.000000000000000,-0.044811071419600,1.687900876770000,0.117745724076000,0.091263759867100
SITE_0022,Church of the Holy Archangels,-1.008939387670000,-0.574786364982000,0.968487334376000,-0.754124137443000,-0.000000005523768,0.000000000000000,-0.044811071419600,1.674106896110000,0.117631870534000,0.091303340102600
SITE_0023,Fortification of Mesembria Pontica,-1.035775341250000,-0.574761152819000,0.892093608232000,-0.900867107968000,-0.000000005523768,0.000000000000000,-0.044811071419600,1.639276667920000,0.117355466624000,0.091149157092100
SITE_0024,Foundations of Basilica Eliusa,-1.031953391660000,0.854487890114000,1.140611728500000,0.814586663985000,-0.000000005523768,0.000000000000000,-0.044811071419600,1.699987901840000,0.117812868895000,0.091572560734900
SITE_0025,Mesembria Terms,-1.029407334450000,-0.115217103965000,-0.212042177263000,-1.057600618400000,-0.000000005523768,0.000000000000000,-0.044811071419600,1.666872512700000,0.117577586751000,0.091256699772500
SITE_0026,Mesembria West St. John,-1.007344755480000,-0.961637903096000,0.593188959188000,0.721842671125000,-0.000000005523768,0.000000000000000,-0.044811071419600,1.581544441290000,0.116864640139000,0.091401246259800
SITE_0027,Stara Mitropolia,-1.005544456000000,-0.491802616503000,1.049159327790000,0.685283358286000,-0.000000005523768,0.000000000000000,-0.044811071419600,1.681012614550000,0.117690453591000,0.091206376255000
SITE_0028,Anchialos Building,-1.051704938850000,-0.903370116964000,-0.740388856327000,-0.330405165059000,-0.396227465232000,-0.439342003371000,-0.044811071419600,0.313163152172000,0.109444899426000,0.075098556758100
SITE_0029,Anchialos Christian Church,-1.053440741330000,-0.711501463358000,0.696780605290000,-0.127578980699000,-0.000000005523768,0.000000000000000,-0.044811071419600,0.373620613936000,0.110065511656000,0.073842988617200
SITE_0030,Anchialos Church,-1.045458434130000,-0.875456411902000,0.019355253494000,-0.188316969904000,-0.000000005523768,0.000000000000000,-0.044811071419600,0.330551988087000,0.109724047079000,0.073683250554600
SITE_0031,Anchialos Fortification,-1.035204673460000,-0.663654899530000,0.120617318123000,-0.650113537122000,-0.000000005523768,0.000000000000000,-0.044811071419600,0.373630280552000,0.110019936859000,0.074439827739500
SITE_0032,Anchialos Necropolis,-1.052246946470000,-1.056713652770000,0.794550642110000,-1.008743918590000,-0.000000005523768,0.000000000000000,-0.044811071419600,0.394944701407000,0.110240942659000,0.073758028035800
SITE_0033,Pomorie tomb,-0.985848930585000,0.276341261196000,-0.867856706566000,-0.068708389137400,-0.196028448774000,0.188039604535000,-0.044811071419600,0.223521517247000,0.108844835986000,0.073716943268100
SITE_0034,Begliktash,-0.658485948792000,-0.949336510150000,-0.411790661301000,-0.533193154352000,-0.527769231660000,-1.125598629470000,-0.044811071419600,1.282077719870000,0.119946230268000,0.025604900895800
SITE_0035,Chengerska mound,-0.884410775329000,-0.686035842658000,1.196544921670000,-0.626537773062000,-0.544985644914000,-1.259050434780000,-0.044811071419600,1.230600826700000,0.117999289335000,0.022613361357600
SITE_0036,Mound Stamopolu,-1.035159399820000,-0.172046655839000,0.641679490673000,0.626719339292000,-0.542792759711000,-1.267054868850000,-0.044811071419600,1.316860835040000,0.119116845572000,0.019919368370900
SITE_0037,Oriospotamo,-1.003335565890000,-0.393490373627000,0.482839467506000,-1.168253262020000,-0.000000005523768,0.000000000000000,-0.044811071419600,1.194803561420000,0.119312087535000,0.029734455066300
SITE_0038,Ranuli Fortress,-0.719836407952000,1.531762289120000,0.527389737856000,-1.119033502930000,-0.520031433438000,-1.033139629620000,-0.044811071419600,1.059130998760000,0.117868824713000,0.026448425318200
SITE_0039,Thera Fortress foundation,-1.005168181650000,-0.279055648006000,-0.456441897783000,-0.934149966314000,-0.000000005523768,-0.371418725443000,-0.044811071419600,1.463217167860000,0.121481661117000,0.025046932513300
SITE_0040,Rusokastro Fortress,-0.737061954814000,0.277545100253000,-0.617653629919000,0.652807281692000,-0.448964507627000,-0.669992174305000,-0.044811071419600,0.258094125410000,0.080793038271100,0.058434825599900
SITE_0041,Apollonia Pontica Cape Skamni,-1.019510839700000,0.109370620680000,0.680917608447000,1.137980728750000,-0.000000005523768,0.000000000000000,-0.044811071419600,0.367007897220000,0.115556960861000,0.047036717233200
SITE_0042,Apollonia Pontica Chapel,-1.038247096190000,-0.412340723394000,0.820776841491000,0.773811650364000,-0.000000005523768,0.000000000000000,-0.044811071419600,0.305935338303000,0.115184599060000,0.046404457234600
SITE_0043,Fortification of St. John Monastery,-1.058596509500000,-0.902126094283000,-0.483444519728000,-0.013694693381200,-0.000000005523768,0.000000000000000,-0.044811071419600,0.151430235204000,0.115046203879000,0.049268457265100
SITE_0044,Island St. Kirik and St. Julita,-1.007611116150000,-0.119761526834000,-0.739173676659000,0.358767680854000,-0.000000005523768,0.000000000000000,-0.044811071419600,0.374386622931000,0.114937823590000,0.047136272304800
SITE_0045,Mesarite,-0.840967668202000,-0.461844611284000,-0.130795980434000,-1.157498820790000,-0.546395567991000,-1.256694526360000,-0.044811071419600,0.186152159749000,0.114715178420000,0.043823971488100
SITE_0046,Monastery of St. John the Baptist,-1.058596509500000,-1.238310895800000,0.000000000000000,0.000000000000000,-0.000000005523768,0.000000000000000,-0.044811071419600,0.151430235204000,0.115050563894000,0.049201319447300
SITE_0047,Necropolis of Apollonia I,-0.967539799862000,-0.669600294971000,-0.951603191325000,-0.089354021878800,-0.000000005523768,0.000000000000000,-0.044811071419600,0.375744829521000,0.116168371336000,0.042497227254000
SITE_0048,Necropolis of Apollonia II,-1.033804156120000,-0.242224295030000,1.325706980380000,-0.027969115453000,-0.000000005523768,0.000000000000000,-0.044811071419600,0.342750132317000,0.115980498180000,0.043851639100000
SITE_0049,Necropolis of Apollonia III,-0.961095350445000,-0.964504743124000,0.488925622040000,-0.445474642657000,-0.000000005523768,0.000000000000000,-0.044811071419600,0.510805298242000,0.117306108808000,0.043952029342600
SITE_0050,Sozopolis Southern Complex,-0.999399186785000,-0.021289495611500,-0.812580913906000,-0.432423212362000,-0.000000005523768,0.000000000000000,-0.044811071419600,0.346925359982000,0.115399818339000,0.046945409454100
SITE_0051,Sozopolis Southern Fortification,-1.013886656990000,0.848634438368000,-0.191343349155000,1.149742035410000,-0.000000005523768,0.000000000000000,-0.044811071419600,0.329831121253000,0.115303587078000,0.046724101210400
SITE_0052,St. Marina Oikos,-0.882218348907000,-0.542826580782000,-0.785466406210000,-0.615827261776000,-0.541476488309000,-1.220958029570000,-0.044811071419600,0.141401448722000,0.114335005986000,0.043531665715500
SITE_0053,Via sacra,-1.047169815920000,-0.579684871257000,1.367587179760000,0.166226633189000,-0.000000005523768,0.000000000000000,-0.044811071419600,0.309644222094000,0.115695162854000,0.044416976748500
SITE_0054,Aquae Calidae,-0.946000880601000,-0.231070500763000,-0.234032102390000,0.600589640952000,-0.543590044569000,0.000000000000000,-0.044811071419600,0.128164283958000,0.095884200679800,0.081951160757900
SITE_0055,Alexandrovo Tomb,-0.262457567885000,0.707227929654000,-0.393007051883000,0.996655685260000,-0.344243511467000,-0.281607229964000,-0.044811071419600,-0.530188890560000,-0.010485333275600,-0.036241238638400
SITE_0056,Asara Shrine and Fortress,0.854733640622000,-0.328443381845000,-0.312315370878000,0.677883036095000,-0.068718067969800,-0.115402434961000,-0.044811071419600,0.587848609770000,-0.041409065388200,-0.062681352752300
SITE_0057,Dolmen Slavova Koriya,0.495760827385000,-0.310122431851000,0.232872264267000,-1.202283529220000,0.049240994745200,0.769684285285000,-0.044811071419600,0.835302832360000,0.021910547835700,-0.029669273186000
SITE_0058,Dolmen Gaidarov dolap,0.076890673154700,-0.302299370286000,-0.411149111272000,-1.025902311800000,0.136654000718000,0.704279154123000,-0.044811071419600,0.863666187746000,0.021833071692200,-0.024419417797500
SITE_0059,Deaf Stones,0.748130806100000,1.362491052620000,-0.964583659782000,-0.010602411075000,-0.536443591130000,-1.185245132590000,-0.044811071419600,-0.240326398749000,0.003217411846480,-0.084236368973300
SITE_0060,Cromlech,-0.103898449729000,-0.844520976192000,1.335325999230000,0.050219129544700,-0.411171742317000,-0.488408380188000,-0.044811071419600,-0.599449050467000,-0.006071345062780,-0.092622631463000
SITE_0061,Mound Dolno Botevo,-0.241637928456000,-0.091474370080800,0.628044813320000,0.578818190829000,0.303119172088000,1.375474233670000,-0.044811071419600,0.329871852435000,-0.014502656266800,-0.078463961146900
SITE_0062,Kovan Kaya,-0.466413280433000,0.613658968498000,-0.370765025208000,1.136038515250000,-0.438900755109000,-0.620543206034000,-0.044811071419600,-0.860003830869000,-0.011972968528200,-0.104569789348000
SITE_0063,Kovan Kaya niches I,-0.389807812498000,2.702014291800000,-0.063776774084600,1.260967417610000,-0.527769917851000,-1.125603256360000,-0.044811071419600,-0.818152314491000,-0.011596663030400,-0.103163781245000
SITE_0064,Gledka mound I,-0.022000157760800,-0.416483031738000,0.769371506884000,0.315832134638000,0.077235379654400,0.855231744609000,-0.044811071419600,0.414687499296000,-0.015656383959500,-0.076507805951000
SITE_0065,Gledka mound II,-0.011954863747500,-0.197867584378000,0.627702665258000,-0.150058501379000,-0.034936326390200,0.634869166223000,-0.044811071419600,0.408456660870000,-0.015784664880100,-0.076495484160000
SITE_0066,Furnadzhika,0.156476092565000,-0.109193678826000,-0.783032604235000,-0.566043047821000,-0.392514397840000,-0.921242197291000,-0.044811071419600,-0.691046274824000,-0.002530622453750,-0.094837030514900
SITE_0067,Dolmen Gorno Voyvodino,0.087264282341700,-0.418908241488000,0.026243704172200,-0.614414231740000,-0.028222394767900,0.648998238790000,-0.044811071419600,0.321035250744000,-0.022644710846000,-0.074671796167900
SITE_0068,Dolmen Nachovi chairi,0.046076784334200,0.047163698394900,-0.750470408003000,0.782520050495000,0.050195516416700,0.804964194718000,-0.044811071419600,0.954472509222000,0.021152467786800,-0.023493786762400
SITE_0069,Rodostitsa Fortress,-0.674011661816000,-0.711856214637000,0.041422871082500,1.218187219240000,-0.546685005128000,-1.230416003190000,-0.044811071419600,-0.846162653594000,0.014755799990000,-0.116731273440000
SITE_0070,Villa Armira,-0.456627810735000,-0.683142232099000,-0.823486403729000,-0.555908985920000,-0.170366568174000,-0.311908928912000,-0.044811071419600,-0.209468023864000,0.012708909794900,-0.127503247756000
SITE_0071,Castra Rubra,-0.419850040837000,-0.570148495706000,-0.407930889772000,0.069297263205900,0.222765049843000,0.346280236364000,-0.044811071419600,-0.268255741810000,0.012235110785100,-0.045803961006800
SITE_0072,Kapitan Petko Voyvoda mound I,-0.348799521853000,0.127036833611000,0.190325451510000,-0.433836279880000,-0.031237232357400,0.515509163798000,-0.044811071419600,-0.465268478504000,0.034000852757400,-0.018003763332700
SITE_0073,Sanctuary of Nymphs and Aphrodite,-0.583116623433000,-0.380067039413000,1.375856325710000,0.030635992989100,0.638856066585000,1.639610263340000,-0.044811071419600,-0.247218602698000,-0.025660954960100,-0.031252134829700
SITE_0074,Fortress Klokotnitsa,-0.415046526236000,0.464444035744000,-0.858744903122000,0.505596862029000,-0.524314090215000,-1.102478140770000,-0.044811071419600,0.089186889443700,-0.026933072442500,-0.037019456463000
SITE_0075,Fortified ruling house,-0.674660311947000,-0.489915711485000,-0.974651942955000,-0.004782709611510,-0.310776170484000,-0.415765443641000,-0.044811071419600,-0.865555168234000,0.038363979808100,-0.011962671927500
SITE_0076,Dolmen Mangura,1.188096720010000,-0.499928446652000,0.065392465754100,-0.856641119512000,-0.541851823039000,-1.223655337080000,-0.044811071419600,0.578747630802000,0.024096073996300,-0.032546334264000
SITE_0077,Dolmen Starite Loza,1.179504927600000,-0.479803407753000,0.317513289279000,-1.154539546520000,-0.546474240030000,-1.161536427540000,-0.044811071419600,0.595464026818000,0.023966701769400,-0.032732326899300
SITE_0078,Hambar Kaya II,0.105710227030000,3.576650841050000,-0.839685524016000,-0.527231125665000,-0.515779983932000,-1.046836253750000,-0.044811071419600,-0.828142698461000,-0.004891176599480,-0.097731549064900
SITE_0079,Deaf Stones Church,0.753651485657000,0.954865025863000,-0.905250072157000,-0.390078527703000,-0.536443591130000,-1.185245132590000,-0.044811071419600,-0.239487327023000,0.003165615934340,-0.084219948875200
SITE_0080,Bukelon Fortress,-0.445368373659000,-0.311356714734000,-0.584791924138000,0.638886960494000,-0.146767900407000,0.492829421347000,-0.044811071419600,-0.762010762515000,0.041521416820300,-0.061155752786800
SITE_0081,Matochina Rock Church,-0.496500370525000,-0.052683814956100,-0.057131065281400,-1.081161014480000,-0.404143836116000,-0.461180387552000,-0.044811071419600,-0.614673502719000,0.040553607000400,-0.063035927998000
SITE_0082,Merichleri mound I,-0.387800009441000,0.466235268116000,-0.834217036205000,-0.446578213942000,-0.282359395737000,0.000000000000000,-0.044811071419600,-0.677697064118000,-0.026518545167000,-0.012442848662400
SITE_0083,Merichleri mound II,-0.402136933960000,-0.985157317321000,-0.133617437848000,-0.959218823866000,-0.000000005523768,0.000000000000000,-0.044811071419600,-0.670497839503000,-0.026387195102700,-0.012431585332900
SITE_0084,Merichleri mound III,-0.400509880646000,-1.137624841770000,0.688045842483000,-0.655901420296000,-0.230458563988000,0.000000000000000,-0.044811071419600,-0.661380530522000,-0.026237816551000,-0.012412813117100
SITE_0085,Mezek Tumulus,-0.461788302185000,-0.418120987514000,0.190142070495000,0.434115189179000,-0.310788318056000,-0.101129849894000,-0.044811071419600,-0.326371113707000,0.012679695105800,-0.083061820243400
SITE_0086,Neutzikon Fortress,-0.358180229268000,-0.698497663994000,1.011582067930000,0.785276617286000,-0.543290547342000,-1.234039220750000,-0.044811071419600,-0.244768396883000,0.011514559481400,-0.082589862570800
SITE_0087,Mihalich Rock Church,0.021733915693100,0.701450392678000,-0.630611075731000,-0.846510993315000,0.677824018235000,1.866087768060000,-0.044811071419600,0.212040298123000,0.033647022011800,-0.061737337581100
SITE_0088,Dolmen Bayamluka,0.093219104795500,-0.815811557446000,-0.248188913248000,1.205120458440000,-0.470548047715000,-0.781809937920000,-0.044811071419600,0.315957085987000,0.019035516918600,-0.043477755837900
SITE_0089,Orlovo Town,-0.409368111608000,-1.139691807830000,-0.717991265424000,0.397055629673000,-0.176659010680000,-1.002173371790000,-0.044811071419600,0.502640197944000,-0.024375780220600,-0.064759921638400
SITE_0090,Dolmen Kapakliyka II,-0.245876117879000,-0.860289625983000,0.688254301416000,-1.091156202270000,-0.236555476832000,0.134478169709000,-0.044811071419600,-0.048574037846700,0.015268782514700,-0.044800364011200
SITE_0091,Mehir Stone Chuchul,-0.265960618894000,-0.779575946183000,0.431298363843000,-0.953481767492000,-0.335133951978000,-0.187109818060000,-0.044811071419600,-0.072742738483600,0.006205161990900,-0.030828351950200
SITE_0092,Ak Kaya,-0.404652642988000,2.000315818280000,-0.727328992020000,-0.523236761356000,0.942201544463000,4.600953512860000,-0.044811071419600,-0.842096571301000,-0.013693152214700,-0.102720403564000
SITE_0093,Kara inn,-0.410586903805000,2.408322532000000,-0.944487544437000,0.335377063536000,0.942201544463000,3.464798572070000,-0.044811071419600,-0.843057601945000,-0.013638945349100,-0.102729527352000
SITE_0094,Dolmen Plevun,0.111881689569000,-0.494253428008000,0.358345079722000,1.285018764590000,0.598440046403000,1.594876799740000,-0.044811071419600,0.020576903368400,0.006921110084520,-0.136714499177000
SITE_0095,Kovan Kaya niches II,-0.325648844691000,0.271301833955000,-0.113696502598000,-0.175374464891000,-0.536271754102000,-1.160421673730000,-0.044811071419600,-0.811998316284000,-0.012391125066400,-0.103925234598000
SITE_0096,Efraim Fortress,0.045062889562800,1.157800566910000,-0.427613745053000,-0.749192063643000,-0.532607630746000,1.364365637130000,-0.044811071419600,-0.827909822740000,-0.016619658153900,-0.104508250118000
SITE_0097,Dolmen Bakalov kladenets,0.573723650900000,-0.887287762187000,0.264302304227000,0.402874061404000,-0.533922427445000,-1.167666217930000,-0.044811071419600,0.164680539058000,0.027354115117200,-0.027684121859400
SITE_0098,Dolmen Byalata treva,0.376465376178000,-0.783531612165000,0.400114549860000,-1.025696905560000,-0.283944203575000,-0.011650999109000,-0.044811071419600,0.751292236364000,0.022586915229300,-0.029017263459200
SITE_0099,Dolmen Kapakliyka I,0.428843484898000,-0.894874174484000,0.636978101613000,1.178746821440000,-0.537672421388000,-1.219299278980000,-0.044811071419600,0.463019269530000,0.024925081028300,-0.028034383840600
SITE_0100,Dolmen Kliftinova niva,0.393237536560000,-0.741468540504000,1.066585605260000,0.667040734963000,-0.534306277952000,-1.170329528250000,-0.044811071419600,0.380245906639000,0.025594803756600,-0.028117108796200
SITE_0101,Dolmen Paskalevi kelemeta,0.400568119415000,-0.849835622302000,0.101002347369000,1.263604563910000,-0.542453417717000,-1.227988663090000,-0.044811071419600,0.124892650340000,0.027720282400300,-0.026754958141000
SITE_0102,Dolmen Sakartsi,0.511455155413000,-0.328686153272000,1.010737473950000,-0.890974848199000,-0.536092530243000,-1.174899465720000,-0.044811071419600,0.164725118116000,0.027370494901300,-0.027256184892800
SITE_0103,Burdenis Fortress,-0.842046219494000,-0.827768328504000,-0.678378043497000,-0.698680943977000,-0.000000005523768,-0.041895259171800,-0.044811071419600,-0.869966459976000,0.018990721170800,-0.075349823742100
SITE_0104,Svilengrad mound necropolis,-0.821587271429000,-0.808106180471000,-0.800928801858000,0.194761046420000,-0.381273231519000,-0.641731692711000,-0.044811071419600,-0.821349512813000,0.014591903221300,-0.074833111549100
SITE_0105,Svirachi Golyamata Mogila,-0.109047006803000,-0.289024303629000,-0.269007373044000,0.623891330111000,-0.243085928989000,0.115157174715000,-0.044811071419600,-0.348268628642000,0.013632967732000,-0.131019889291000
SITE_0106,Paleokastro Fortress,0.283512113196000,-0.466508304939000,-0.193985000429000,0.171351022334000,-0.525361816814000,-1.109451999200000,-0.044811071419600,0.453215255352000,0.025960571599100,-0.018368210976600
SITE_0107,Paparimsko Kale,1.631101538340000,-0.944522851431000,0.584323914030000,-0.574753734408000,-0.536680786783000,-1.186909514450000,-0.044811071419600,0.201116364152000,0.027451001068900,-0.034807304090900
SITE_0108,Holy Trinity Monastery,-0.674953758612000,-0.734420099003000,-0.711777374657000,-0.094271992741400,-0.155652936729000,0.549015494393000,-0.044811071419600,-0.655114896968000,0.034161036035700,-0.027199763997600
SITE_0109,Orlovi Skali,1.340597536520000,1.456248242330000,-0.103737989387000,-1.118611820400000,-0.230021397444000,-0.218997004105000,-0.044811071419600,-0.246689988918000,-0.049450950841500,-0.112760770114000
SITE_0110,Dupchen Kamak,0.220412237417000,-0.135068371050000,-0.742062480688000,0.779216533355000,0.048172543937800,1.287344477460000,-0.044811071419600,-0.025125734790200,-0.041942805910700,-0.146595699071000
SITE_0111,Hambar Dere Necropolis,-0.117301377491000,0.560254040980000,1.163328624120000,0.816929794485000,-0.535342953972000,-1.177545846360000,-0.044811071419600,0.606291670024000,-0.000953676853891,-0.143538734062000
SITE_0112,Chernichino mound,0.688507811975000,0.044916086907800,-0.511602290332000,-0.513669965531000,-0.525615555623000,-1.213361206200000,-0.044811071419600,-0.322004477644000,-0.006097882271480,-0.109032279315000
SITE_0113,Patmos Fortress,0.307226533873000,-0.583360671095000,0.958126785538000,0.572574665629000,1.942444633600000,3.129835938730000,-0.044811071419600,-0.856787258253000,-0.043759344828100,-0.091186463330500
SITE_0114,Duzhdovnitsa niches,0.686459508725000,2.821866126200000,-0.119822247475000,1.250799958450000,6.616641977060000,4.282030854130000,-0.044811071419600,-0.598955818382000,-0.040012514866800,-0.089735187803000
SITE_0115,Perperikon,0.469221937631000,-0.181939285380000,-0.942252124505000,0.189631494006000,-0.529436012789000,-0.971021027347000,-0.044811071419600,-0.077544888482600,-0.028514385601100,-0.085463670036100
SITE_0116,Church of St. John Prodomus,-0.310854867107000,-0.562974271669000,0.605361519283000,-0.568881027451000,6.149495127340000,0.000000000000000,-0.044811071419600,-0.868044398688000,-0.034809231991100,-0.102042467653000
SITE_0117,Necropolis of St. John Prodomus,-0.310540163832000,-0.740924280581000,1.072760479460000,-0.229802959007000,-0.233651062867000,-1.151655776790000,-0.044811071419600,-0.865161306756000,-0.034789389066800,-0.102012569347000
SITE_0118,Toplitsa,-0.139285361521000,-0.669214821586000,-0.680582981733000,0.617694058798000,0.008644635452300,0.724322564954000,-0.044811071419600,0.771478009316000,-0.035721998422400,-0.042809690454300
SITE_0119,Moryantsi tomb,-0.297176202528000,-0.041984952748700,-0.512749621333000,-0.953324189417000,-0.070720007377500,0.557262473385000,-0.044811071419600,-0.771739531935000,-0.013814083071500,-0.110744671374000
SITE_0120,Sivri Kaya niches,1.177117860600000,3.341651216480000,-0.940429462586000,0.298299699657000,11.366454769700001,5.023166381030000,-0.044811071419600,0.150374790808000,-0.051200694605600,-0.072146313515600
SITE_0121,Arkata,-0.221814977207000,2.737861646870000,0.858495177812000,-0.995348657736000,-0.494082654686000,-1.140223289570000,-0.044811071419600,-0.854589969673000,-0.012198676542900,-0.106049859313000
SITE_0122,Gouk in cave,-0.462481981821000,1.529544509250000,0.632017259538000,-0.949335260127000,-0.528403233304000,-1.237882407180000,-0.044811071419600,-0.827224686609000,-0.012250737659900,-0.106735841164000
SITE_0123,Pop Martinova Dypka,-0.045456910937500,2.749131762160000,1.319614586060000,-0.396283932803000,-0.497925392545000,-1.016615965890000,-0.044811071419600,-0.847166666369000,-0.011655600964300,-0.105485967186000
SITE_0124,Ada Tepe,0.421193597564000,0.697143286949000,0.075237640850500,-1.172624591770000,-0.501556436437000,-1.012014997920000,-0.044811071419600,-0.147723588153000,-0.016688006038900,-0.138285349732000
SITE_0125,Redestyuk Fortress,-0.044483276712900,0.564841318962000,-0.570824709422000,-0.867629828817000,-0.194663757869000,-1.246720795470000,-0.044811071419600,-0.003438445308260,-0.018362672636000,-0.141931571340000
SITE_0126,Tatul,0.175643563768000,0.440856582072000,-0.372843625783000,-0.487832333880000,-0.506857220756000,-1.135562888790000,-0.044811071419600,-0.288501907654000,-0.023581192892800,-0.118492278540000
SITE_0127,Ustra,1.950190144990000,2.036672314350000,-0.590918529674000,0.882656119310000,-0.542826869605000,-1.230684898030000,-0.044811071419600,0.190415231621000,-0.044442695898300,-0.131145050321000
SITE_0128,Vishegrad Fortress,-0.125617768593000,-0.626298710571000,-0.575086624161000,-0.410188623635000,1.135621473030000,3.315014092410000,-0.044811071419600,-0.858958923407000,-0.032364989608200,-0.104064856280000
SITE_0129,Hambar Kaya,1.000267848790000,0.916121778330000,0.795680150284000,1.055651057370000,-0.527687632655000,-1.125048520140000,-0.044811071419600,0.124823951665000,-0.043673580448900,-0.130016342463000
SITE_0130,Asar Kaya niches,1.350254507970000,1.709997034080000,0.958414317574000,0.923740066921000,0.254920087849000,1.149649519310000,-0.044811071419600,-0.069299358178300,-0.046765788338800,-0.075669987765300
SITE_0131,Mal Asar,0.888431334898000,0.986137235966000,-0.202960998957000,0.074513541658700,-0.472498104329000,-1.194770049100000,-0.044811071419600,0.086338052998700,-0.043286138057400,-0.129793885966000
SITE_0132,Sredna Arda Rock cut niches,-0.253158963228000,2.480051971500000,-0.917390321655000,-0.356428974231000,1.375477164680000,0.661843807219000,-0.044811071419600,-0.865161306756000,-0.025678130514400,-0.100226640234000
SITE_0133,Shan Kaya,0.227889196117000,2.408296039750000,-0.776067429338000,-0.650570903361000,0.927139820558000,-1.043822991790000,-0.044811071419600,-0.468471554223000,-0.011545062483300,-0.113421833564000
SITE_0134,Belovo Basilica,1.432934142130000,-0.741759788298000,0.499151997629000,-0.412740571322000,-0.543632570962000,-1.236518236110000,-0.044811071419600,-0.469043620853000,-0.122087526174000,0.007600240010900
SITE_0135,St. Spas Basilica,1.467277347170000,1.178471201470000,1.398518282560000,0.215577563662000,-0.541219517095000,-1.219114090480000,-0.044811071419600,-0.461699572956000,-0.122101492983000,0.007477887712790
SITE_0136,Roman bridge Bratsigovo,0.795042395284000,0.386824411550000,0.824689400144000,-0.410800119523000,-0.488389289552000,-1.079613531230000,-0.044811071419600,-0.259273906240000,-0.097235729220700,-0.025135414106300
SITE_0137,Dzhenevra,4.144857545560000,0.249737030259000,1.408521585930000,0.074884509833700,-0.539375356913000,-1.205946329890000,-0.044811071419600,0.779032235741000,-0.109408272541000,-0.072628804954700
SITE_0138,Pashino Bardo,4.009155729800000,0.004189148590370,1.220202231370000,-0.462361734700000,-0.540641602880000,-1.214975337380000,-0.044811071419600,0.488702719639000,-0.117135826287000,-0.038513830113900
SITE_0139,Tsepina,2.280792692880000,-0.185667791441000,-0.926779687828000,-0.112077818561000,-0.539737835057000,-1.057949462840000,-0.044811071419600,-0.627828477777000,-0.114228689248000,-0.010704008161000
SITE_0140,Church of St. Dimitar,0.174836435662000,-0.301583522947000,1.353940775920000,0.350598153510000,-0.000000005523768,0.000000000000000,-0.044811071419600,-0.336935693544000,-0.109199939334000,-0.004491421335620
SITE_0141,Peristera Fortress,0.492074782605000,-0.357147290648000,0.511118465604000,0.324785541688000,-0.000000005523768,0.000000000000000,-0.044811071419600,0.310033233033000,-0.102756757013000,-0.020377321898700
SITE_0142,Kulata Gradot,2.028355996690000,0.271142101265000,1.179559301930000,0.704692824014000,-0.544111267703000,-1.107804830030000,-0.044811071419600,-0.164336513829000,-0.118197941561000,-0.026260299496600
SITE_0143,The tower Kalinkata,2.594134010600000,-0.707067461973000,0.947541676260000,0.099307260731900,-0.236965013126000,-1.174362939160000,-0.044811071419600,0.324455449939000,-0.114702422151000,-0.030868033712300
SITE_0144,Tatarsko Kale,1.614866568680000,0.809207290033000,-0.955626488183000,-0.097076903090900,-0.518332106125000,-0.945435476068000,-0.044811071419600,1.135461983870000,-0.104332749587000,0.081912679798600
SITE_0145,Emporion Pistiros,-0.263952767908000,-1.012829071880000,1.307934215690000,0.316657582870000,-0.308217755409000,-0.092329435232600,11.157956783500000,-0.870927490620000,-0.115992505747000,0.019223326544100
SITE_0146,Zhaba Mogila,0.505642107600000,0.567530282447000,0.052541463814900,0.583992816419000,0.283495998228000,1.192091087710000,-0.044811071419600,0.124077463605000,-0.099019460972900,0.063150554519000
SITE_0147,Lyubnishko Kale,1.172815541880000,0.253843329177000,0.808245314611000,1.078829277880000,-0.000000005523768,-1.145459479270000,-0.044811071419600,-0.461122016063000,-0.124110623526000,0.045921513432400
SITE_0148,Bona Mansio,-0.165977528929000,-0.775003305727000,-0.532418347453000,1.019531568770000,-0.333124806796000,0.236238828340000,-0.044811071419600,-0.707552281149000,-0.115292734373000,0.022790169322600
SITE_0149,Tell Yunatsite,-0.339413015002000,-0.006126466472160,-0.371974610588000,1.084267220780000,-0.231659299181000,0.431086763650000,-0.044811071419600,-0.789772758137000,-0.104908023993000,0.016306787097400
SITE_0150,Anevo Kale,1.886953287490000,1.427310244440000,-0.846461425518000,0.633254031592000,-0.000000005523768,-0.913815724045000,-0.044811071419600,0.121375315724000,-0.073664155841700,0.099353738000300
SITE_0151,Asenova Fortress,0.149945352575000,1.315463522330000,-0.931889208854000,0.109658564100000,0.050057486886600,0.804703277120000,-0.044811071419600,-0.862069720475000,-0.066228629683300,-0.032529697507800
SITE_0152,Bachkovo Monastery,0.221230389244000,-0.741062474403000,0.525139328103000,-0.489856784838000,1.468478005270000,2.349345632830000,-0.044811071419600,-0.861641734388000,-0.067875933358900,-0.040792157416700
SITE_0153,Church of St. George Metokha,-0.208141728631000,0.188468245336000,0.233964532103000,1.219273098600000,-0.000000005523768,0.000000000000000,-0.044811071419600,-0.864200276112000,-0.066298799860300,-0.029787323443600
SITE_0154,Church of the Holy Virgin of Petrich,0.124117540764000,1.982153710480000,0.906522279950000,0.729004901991000,0.131310042613000,0.951024003528000,-0.044811071419600,-0.867752702073000,-0.066195347404600,-0.032478273863700
SITE_0155,Stanimaka Fortress ruins,-0.282156238660000,-0.220167937633000,0.192314122120000,-0.175217130455000,-0.000000005523768,0.000000000000000,-0.044811071419600,-0.855732683441000,-0.066361498414800,-0.028949715623700
SITE_0156,Golyama Dragoyna,1.437612801100000,0.558791401572000,1.042889135540000,0.936577732288000,-0.527348772592000,-1.142745083520000,-0.044811071419600,0.727822816912000,-0.043565128453600,-0.038972073533600
SITE_0157,Monastery of St. Cyril and St. Yulita,0.848329529637000,-0.013582810721100,0.737653581882000,0.892436305235000,-0.498207345856000,-0.820890294667000,-0.044811071419600,-0.649514828752000,-0.068092227378300,-0.029631712088300
SITE_0158,Diocletionopolis,0.052089888722500,0.588985221219000,-0.686673583009000,-0.654314694542000,-0.000000005523768,0.000000000000000,-0.044811071419600,-0.034448952095000,-0.075969839331900,0.065159614082600
SITE_0159,Hisarya Basilica 1,0.060297768064500,-0.456603709360000,-0.906840858030000,0.312457250073000,-0.000000005523768,0.000000000000000,-0.044811071419600,-0.024016889374400,-0.075910009889700,0.064798139790300
SITE_0160,Hisarya Basilica 3,0.053114998931900,-0.788670663628000,-0.666222589012000,-0.790804295123000,-0.000000005523768,0.000000000000000,-0.044811071419600,-0.031289751554300,-0.075816939621600,0.064591872617700
SITE_0161,Hisarya Basilica 8,0.092953576903200,-0.474812846470000,-0.200770010579000,0.229399436046000,-0.000000005523768,0.000000000000000,-0.044811071419600,-0.105348940927000,-0.075511620136400,0.065943978602600
SITE_0162,Hisarya Fortress walls,0.054240664650000,-0.715211046382000,-0.949729463601000,0.297623808161000,-0.000000005523768,0.000000000000000,-0.044811071419600,-0.026570190126300,-0.075880895294000,0.064789112936900
SITE_0163,Hisarya Roman Baths,0.054676820574200,0.516059066634000,-0.933625804811000,-0.097495793142400,-0.000000005523768,0.000000000000000,-0.044811071419600,-0.034502259263500,-0.075977358706700,0.065176345222800
SITE_0164,Stone of Tsar Asen,0.267856320263000,2.120390054020000,0.495521986358000,1.262644552100000,-0.502248090362000,-1.088917149530000,-0.044811071419600,-0.830564203574000,-0.092549830570700,-0.021687248771400
SITE_0165,Monastery of Saints Cosmas and Damian,0.724691115726000,1.766447791290000,0.172773923413000,1.295824182560000,-0.059036428417800,0.439188733448000,-0.044811071419600,-0.137991792049000,-0.073379644984200,-0.024851377564100
SITE_0166,Maltepe,-0.538059847227000,0.790021334648000,-0.624910568430000,0.392367644461000,-0.356860883325000,-0.268183267768000,-0.044811071419600,-0.832486264862000,-0.061635970223600,0.002731963730810
SITE_0167,Red Church,-0.324137252874000,-0.578561510762000,-0.403531843266000,-1.010408683730000,0.208497324378000,1.078066856910000,-0.044811071419600,-0.560568791374000,-0.086454548672100,-0.014800136784300
SITE_0168,Ancient Theatre of Philippopolis,-0.474766481178000,1.215721310120000,-0.933181919610000,-0.164329531249000,-0.000000005523768,0.000000000000000,-0.044811071419600,-0.798930522613000,-0.073742645674500,-0.001789891912630
SITE_0169,Domus Eirene,-0.537135196668000,-0.457360964756000,0.073313116278200,-1.004549208230000,-0.000000005523768,0.000000000000000,-0.044811071419600,-0.781296795161000,-0.073708009528800,-0.002152048830930
SITE_0170,East Gate Philippopolis,-0.548262444949000,-0.554593481432000,0.847826727993000,1.067011521990000,-0.000000005523768,0.000000000000000,-0.044811071419600,-0.824798019710000,-0.073429314435500,-0.001468350733030
SITE_0171,Episcopal Great Basilica,-0.543386844797000,0.095590197636200,-0.623961332585000,-0.195296415451000,-0.000000005523768,0.000000000000000,-0.044811071419600,-0.773968009726000,-0.073647605502000,-0.002332797626260
SITE_0172,Hellenistic buildings,-0.553210562015000,-0.633048668999000,0.672201923595000,0.598861792113000,-0.000000005523768,0.000000000000000,-0.044811071419600,-0.747072977069000,-0.073731973005900,-0.002770831301990
SITE_0173,Hisarya Kapia,-0.441286289713000,0.835764102067000,-0.718763635716000,0.781478475912000,-0.000000005523768,0.000000000000000,-0.044811071419600,-0.832552065898000,-0.073605664167500,-0.001264440439850
SITE_0174,Inner Fortress wall of Philippopolis,-0.462821895867000,1.262147978340000,0.938010372970000,-0.944658819645000,-0.000000005523768,0.000000000000000,-0.044811071419600,-0.845940693877000,-0.073707755056600,-0.000925384137460
SITE_0175,Minor Basilica,-0.554745447434000,-0.599382973059000,-0.439426298399000,-0.210945054024000,-0.000000005523768,0.000000000000000,-0.044811071419600,-0.813894533449000,-0.073304543007600,-0.001916181469810
SITE_0176,Nebet Tepe,-0.429281169794000,-0.149387766698000,0.285986255892000,-1.186925589210000,-0.000000005523768,0.000000000000000,-0.044811071419600,-0.844018638455000,-0.073668197221800,-0.000965722846304
SITE_0177,Outer Fortress wall of Philippopolis,-0.547507559695000,-0.554593481432000,0.847826727993000,1.067011521990000,-0.000000005523768,0.000000000000000,-0.044811071419600,-0.824798019710000,-0.073430206254900,-0.001482409189970
SITE_0178,Peristyle building and street intersection,-0.536174311617000,-0.606374645451000,-0.515944963632000,0.294073972201000,-0.000000005523768,0.000000000000000,-0.044811071419600,-0.781551582076000,-0.073717185384200,-0.002132163053720
SITE_0179,Philippopolis Roman Baths I,-0.516671623433000,-0.488444389742000,-0.777960521903000,-0.616958495435000,-0.000000005523768,0.000000000000000,-0.044811071419600,-0.791262842485000,-0.073846762153300,-0.001905793105640
SITE_0180,Remains of Fortress wall of Philippopolis,-0.554983463952000,-0.982799980050000,0.032777222407300,0.397880853008000,-0.000000005523768,0.000000000000000,-0.044811071419600,-0.788000148142000,-0.073674519830400,-0.002058486889410
SITE_0181,Roman Forum of Philippopolis,-0.546915442081000,-0.173728468535000,0.610494493283000,-0.544127438499000,-0.000000005523768,0.000000000000000,-0.044811071419600,-0.758420142273000,-0.073860537952300,-0.002600705555410
SITE_0182,Roman Stadium of Philippopolis,-0.521098653992000,0.686683968121000,0.726377542230000,1.153334320740000,-0.000000005523768,0.000000000000000,-0.044811071419600,-0.808599268679000,-0.073933988114700,-0.001661650391930
SITE_0183,Spas Bair hill,-0.510391265700000,-1.036658336920000,0.176287866664000,0.318255647198000,-0.110158768748000,0.466865449969000,-0.044811071419600,-0.154533907410000,-0.056895305989000,0.013962223811800
SITE_0184,Belintash,2.869486626630000,0.166201396986000,0.534494232031000,-0.208603816410000,-0.348013811210000,-0.151535961518000,-0.044811071419600,0.396474185431000,-0.060489668967300,-0.059060232191000
SITE_0185,Chetinyova Mogila,0.556387459428000,1.506902316900000,-0.958512064739000,0.238356685093000,-0.221981140797000,1.460299403330000,-0.044811071419600,0.881381248516000,-0.085946281505600,0.067912425658700
SITE_0186,Horizon mound,0.207972495310000,-0.306286843667000,0.600151408663000,-0.179298248916000,-0.357248254559000,-0.269668757323000,-0.044811071419600,0.902534997060000,-0.085707649614000,0.065846064452500
SITE_0187,Royal tomb,0.515225939059000,-0.924191467950000,-0.135399290157000,-0.076638035348500,0.813345257265000,2.045094864110000,-0.044811071419600,0.890327467765000,-0.086011619976400,0.067824503289800
SITE_0188,Church of St. Nicholas,-0.543074777629000,-0.867792470811000,-0.323342177848000,-0.503608732888000,-0.000000005523768,0.000000000000000,-0.044811071419600,-0.810671180124000,-0.075377275979100,-0.002698605250340
SITE_0189,Chintulovo mound,-0.433721716395000,-0.867654026537000,-0.933003547902000,0.170159244435000,-0.000000005523768,0.387014047610000,-0.044811071419600,-0.741410392591000,0.021808444969600,0.088389529969600
SITE_0190,Nanchovata Mogila,-0.491858664978000,-0.557705207814000,-0.242580747553000,0.559837604343000,0.698752508392000,1.193957702150000,-0.044811071419600,-0.787153456916000,0.023684761221600,0.089573258778100
SITE_0191,Dyadovo settlement,-0.638020410458000,0.706887760245000,1.392164821490000,0.216443024881000,-0.000000005523768,0.000000000000000,-0.044811071419600,-0.115833513085000,0.007754271267030,0.048216074276100
SITE_0192,Kaloyanovo Mound I,-0.378282272379000,-0.925467186717000,-0.329425069048000,0.851998937498000,0.143377669874000,0.276889977260000,-0.044811071419600,0.004401274790530,0.036486343053500,0.092721235489300
SITE_0193,Kaloyanovo Mound II,-0.398273694844000,-0.677690060038000,0.451669352355000,-0.074069042316700,-0.052471432362700,-0.021925119802100,-0.044811071419600,0.023446950060100,0.035774740975700,0.092755025307800
SITE_0194,Kaloyanovo Mound III,-0.496898997868000,-0.633605507175000,0.210214692522000,-0.399364876534000,0.237516438571000,0.998410075053000,-0.044811071419600,-0.142768086194000,0.037414694043200,0.090396894532200
SITE_0195,Kaloyanovo Tumulus,-0.436713650176000,-0.880507443417000,0.304918952177000,-0.282403749862000,0.413755658681000,0.620633424164000,-0.044811071419600,-0.074902617315600,0.037430977078200,0.091592851598100
SITE_0196,Kamen mogila,-0.136494730474000,-0.583185243416000,-0.435265941496000,-0.001740916759800,-0.186463586586000,-0.186568834519000,-0.044811071419600,-0.438963596324000,0.032108998532800,0.082796371338000
SITE_0197,Kota 255,-0.350739217485000,-0.338001184952000,-0.883239921529000,0.466333870760000,0.534584615807000,1.039704785360000,-0.044811071419600,-0.218676039498000,0.000389938540923,0.065133195230800
SITE_0198,Prehistoric Wide Mound,-0.377343674416000,-0.347928655142000,-0.335308789267000,0.996542262031000,0.658674964857000,0.472044665359000,-0.044811071419600,-0.218903251918000,0.001391709517260,0.065643691003200
SITE_0199,Roman Karanovo mound,-0.377632352123000,-0.385959172072000,-0.066836024580600,0.657864435900000,-0.276931524441000,0.010880529659200,-0.044811071419600,-0.205546896831000,0.000793284981130,0.065070659101500
SITE_0200,Tell Karanovo,-0.431902514828000,0.035875995816700,0.569661895972000,0.310876128012000,-0.000000005523768,0.000000000000000,-0.044811071419600,-0.150828355317000,0.001124655984650,0.064252031992600
SITE_0201,Boz Bair,-0.608298876546000,-0.850839405904000,-0.730024649686000,-0.689440886516000,-0.134436288627000,-0.235991631868000,-0.044811071419600,0.213775690471000,0.017191709573600,0.062172262814000
SITE_0202,Boz Bair mound I,-0.566000570880000,-0.041364945023700,-0.374965259340000,0.402959484913000,0.047865324771900,1.018937231090000,-0.044811071419600,0.219903480884000,0.017435481540100,0.061986327489300
SITE_0203,Boz Bair mound II,-0.573953131254000,-0.588920036592000,0.626726031749000,0.173642164064000,0.187843919528000,1.045101620090000,-0.044811071419600,0.230116214638000,0.017662809948800,0.061745464917800
SITE_0204,Tuida Fortress,-0.027941272457000,-0.747231940859000,-0.818925840101000,0.672256741665000,0.402641238524000,1.599386991860000,-0.044811071419600,-0.093903103497700,0.028399634320900,0.097650694720900
SITE_0205,Sokol Himitliyata,-0.422519746456000,-0.353046390361000,-0.851270217726000,-0.215502074014000,-0.373080667684000,-0.308074685654000,-0.044811071419600,0.317391780856000,0.013996266369500,0.040374926426100
SITE_0206,Staro Selo Mogila,-0.036405956572800,0.112463980586000,-0.807030878596000,0.645903907673000,0.263203709789000,1.632525824330000,-0.044811071419600,-0.480295163977000,0.015486658819500,0.076160992580300
SITE_0207,Tvarditsa Fortress,0.329935207746000,2.283678939510000,-0.276955457094000,-1.087984100140000,-0.000000005523768,-0.126836341524000,-0.044811071419600,-0.102517044524000,0.000734734277472,0.101627332327000
SITE_0208,Gela Basilica,3.608561754950000,-0.623885021611000,0.710691518522000,1.155942530250000,1.017668204150000,0.167510616634000,-0.044811071419600,0.542713674186000,-0.087146948361500,-0.093937850303100
SITE_0209,Gradishte Fortress,4.784169722840000,3.024197020580000,-0.050963166013000,1.257487955780000,-0.003012506105300,0.700907052440000,-0.044811071419600,0.601400737311000,-0.087946597913700,-0.097128988060300
SITE_0210,Momchilova Fortress,2.686843313840000,0.282593543764000,1.274306953170000,-0.304187981650000,-0.000565464064576,0.452601644268000,-0.044811071419600,0.107567257464000,-0.069832446865400,-0.108993556188000
SITE_0211,Kaleto Fortress Koshnitsa,2.079718101750000,1.153599652810000,-0.192571366996000,0.155691373161000,-0.532632312349000,-1.149087671570000,-0.044811071419600,1.209720934350000,-0.079317929873900,-0.122046974010000
SITE_0212,Uleya Cave,2.018584570250000,2.088035446230000,-0.973481947917000,0.201650551768000,0.016589926808900,0.844585904477000,-0.044811071419600,1.413745112240000,-0.081048216233000,-0.121012526535000
SITE_0213,St. Ilia Fortress,3.606611994180000,1.564860238310000,0.609536148791000,-1.140660456510000,0.555846032217000,1.066712108350000,-0.044811071419600,0.294968702287000,-0.101530933336000,-0.095124514369600
SITE_0214,Yagodinska Cave,2.146884580330000,4.553121377230000,1.409359438070000,-0.091545862058600,-0.523836324245000,-1.180602762140000,-0.044811071419600,0.482677695686000,-0.102282916084000,-0.098024303459200
SITE_0215,Tyovnata dupka,3.335960276300000,1.463894930070000,-0.306741667429000,1.171300995020000,-0.064248929828000,0.571593860544000,-0.044811071419600,0.515238427490000,-0.083279022043000,-0.067632278820900
SITE_0216,Bratya Daskalovi mound,-0.338622039044000,-0.502170603852000,0.507780074503000,-0.971287640166000,-0.396127253846000,0.000000000000000,-0.044811071419600,0.661340612747000,-0.043674190964500,0.027005925521900
SITE_0217,Momina Mogila,-0.131070005220000,-0.630197356992000,0.610682081220000,0.369519123458000,-0.070276316686700,0.558249440123000,-0.044811071419600,0.638192913318000,-0.043258865741200,0.026276954216700
SITE_0218,Buzovo Kale,0.545332488415000,1.291978920930000,-0.785004303713000,0.692001266959000,-0.519863409263000,-1.091885780690000,-0.044811071419600,-0.789239885884000,-0.032450534357300,0.076466884889700
SITE_0219,Thracian domed tomb,0.187210418877000,-0.687211965032000,0.320064427849000,0.596657085930000,-0.127536613563000,0.425258971070000,-0.044811071419600,-0.829603172930000,-0.032434543203300,0.077171326554000
SITE_0220,Pizus Fortress,-0.613874387134000,-0.951494237213000,0.015156471724800,1.145029311490000,-0.043817248604300,-0.124569584954000,-0.044811071419600,0.375741732450000,-0.022798465044900,0.004356182240300
SITE_0221,Tomb of Kazanlak,0.195100719191000,-0.643121011730000,-0.389204227332000,-1.019527521520000,-0.533881333534000,-1.167381368450000,-0.044811071419600,-0.523997985585000,-0.031317689565300,0.086574293513600
SITE_0222,Kran Fortress,1.158718790690000,1.194101184370000,-0.641777990915000,-0.835494921499000,0.416710999944000,1.375645357250000,-0.044811071419600,-0.012728345632700,-0.032235529653600,0.099163342988300
SITE_0223,Kesteleva Mogila,0.083589069565300,-0.257661596886000,-0.189987487499000,0.216697308815000,-0.357448847739000,-0.353403898527000,-0.044811071419600,-0.466172307178000,-0.024405214773100,0.081653688353100
SITE_0224,Malak Dol mound,-0.297128033660000,-0.662707356305000,-0.130876703135000,-0.133728517550000,-0.283725352521000,-0.010942757852200,-0.044811071419600,0.854002574138000,-0.043636653353100,0.030587127935900
SITE_0225,Karasura,-0.365915190973000,-0.169193507184000,-0.449832318754000,-0.033529336916200,-0.177920727174000,-0.316886308721000,-0.044811071419600,0.424735619012000,-0.032836707420800,0.013957072995400
SITE_0226,Tomb of Sashnova,0.597985615013000,-0.758782061428000,-0.430557272691000,-0.310216767366000,0.708012707517000,1.132145593330000,-0.044811071419600,-0.185210728215000,-0.037676645384300,0.101741250095000
SITE_0227,Golyama Arsenalka tomb,0.569336018161000,-0.193337409442000,-0.914363238312000,0.383925185444000,-0.366789004180000,-0.306722074384000,-0.044811071419600,-0.228078513675000,-0.036916508558800,0.100730261556000
SITE_0228,Mezideva Fortress,1.122790278690000,-0.671017519092000,-0.233544682156000,-0.939897367966000,-0.000000005523768,-0.999853133476000,-0.044811071419600,-0.017983137310900,-0.032863743619100,0.100048397569000
SITE_0229,Ostrusha tomb,0.538626135753000,0.867815941274000,-0.915540548957000,-0.143198007788000,-0.024835972919500,0.415266405459000,-0.044811071419600,-0.175993515218000,-0.034279350082900,0.098790012873000
SITE_0230,Sarafova Mogila,0.447266423559000,-0.396650743345000,-0.485657419066000,-0.339073870808000,-0.215670148290000,-0.228210595304000,-0.044811071419600,-0.153583904217000,-0.032363139940300,0.096021359917400
SITE_0231,Tomb of Helvetia,0.704460957804000,0.014306850953600,-0.576510728953000,-0.265022127293000,-0.000000005523768,0.000000000000000,-0.044811071419600,-0.059275170377500,-0.034549264483900,0.101777062793000
SITE_0232,Tomb of Malka Kosmatka,0.602338546995000,0.439588070755000,-0.116583621169000,0.233449256293000,0.222472290913000,1.099973230500000,-0.044811071419600,-0.151933540558000,-0.035247580419700,0.100778819497000
SITE_0233,Tomb of Seuthes III,0.624440436912000,-0.068249904772700,-0.139881605482000,-0.222900503319000,0.038113331544000,0.843420204535000,-0.044811071419600,-0.158761832214000,-0.035381652372600,0.100802147655000
SITE_0234,Tomb of Shushmanets,0.771506463032000,2.100395305790000,-0.957482070334000,-0.051481795807000,-0.000000005523768,0.000000000000000,-0.044811071419600,-0.038144321392400,-0.034396638144700,0.102027102212000
SITE_0235,Tomb of Svetitzata,0.548724535345000,-0.096878900614300,-0.356964993624000,0.235514488637000,0.089522198782900,1.077840909100000,-0.044811071419600,-0.114755356832000,-0.033147169703000,0.098400884233500
SITE_0236,Tomb of The Griffins,0.659624128800000,0.036100623391000,-0.920682703327000,0.240951888036000,-0.180136527150000,0.102878803926000,-0.044811071419600,-0.149639549149000,-0.036721427507500,0.102066071757000
SITE_0237,Augusta Traiana Vereia,-0.318219096275000,0.051373072206100,-0.479016282517000,0.749179393530000,-0.000000005523768,0.000000000000000,-0.044811071419600,0.425619129020000,-0.017169952360300,0.048712598492900
SITE_0238,Neolithic dwellings,-0.244237897056000,-0.364277045550000,-0.181979264858000,1.209208792360000,-0.000000005523768,0.000000000000000,-0.044811071419600,0.438749116342000,-0.018111916837400,0.048053267967600
SITE_0239,Bereket Mound,-0.490149029614000,-0.530831880167000,-0.689233973670000,0.690910364891000,-0.500896968101000,-0.332260864494000,-0.044811071419600,0.224490806748000,-0.017311448260900,0.040902775252900
SITE_0240,Roman mineral baths,0.107975553799000,-0.532886921930000,0.008541083242950,-0.106317785176000,-0.000000005523768,0.000000000000000,-0.044811071419600,0.125866913926000,-0.025445553926800,0.053216848541000
SITE_0241,Fortress Zemlen,-0.590754576391000,-0.432154867935000,-0.531008443545000,-0.234151330483000,-0.395359254619000,-0.012720920196200,-0.044811071419600,-0.542172445281000,-0.008972793729770,0.026352839647300
SITE_0242,Cheir maj Kaleto,-0.619319817812000,-0.209770730890000,-0.263051787747000,-1.092665488370000,-0.262581395103000,0.055970199542600,-0.044811071419600,-0.852777675517000,-0.030627742982100,-0.011979676016100
SITE_0243,Hisara Fortress,-0.594624573527000,0.227609989755000,0.279396001361000,-1.208525630070000,-0.000000005523768,0.000000000000000,-0.044811071419600,-0.812366322275000,-0.030386265621100,-0.011496643271900
SITE_0244,Monastery of St. Athanasius the Great,-0.671501464649000,-0.173112022794000,-0.913468582633000,0.047014001041000,-0.328082298368000,0.000000000000000,-0.044811071419600,-0.831303344889000,-0.030527429432300,-0.011687632818200
SITE_0245,Kaleto Fortress Bolyarovo,-0.399378032059000,-0.682291085049000,-0.749349542285000,0.012278096890800,-0.260664926891000,-0.394606850561000,-0.044811071419600,0.705945104463000,0.059264345671600,0.000312307330267
SITE_0246,Ancient Kabile,-0.588350254877000,-0.963756225719000,0.842778170358000,-0.986720171129000,-0.326564363037000,-0.361348387557000,-0.044811071419600,-0.859064226768000,0.037879106200400,0.070272166914600
SITE_0247,Roman residence,-0.426477166494000,-0.818806517562000,0.076184447124300,-1.195500625220000,0.196419959584000,1.186757979100000,-0.044811071419600,-0.323241663822000,0.050470934540700,0.017945140591400
SITE_0248,Malkoto Kale Fortress,0.000268046557952,-0.803287707509000,0.039913058936200,0.181988039041000,0.342471464165000,-0.257687177510000,-0.044811071419600,1.585964619150000,0.064819975390000,-0.023851143700600
SITE_0249,Dabilin Fortress,-0.640642186855000,-0.125760018089000,-0.572551981567000,0.640656452825000,-0.000000005523768,0.000000000000000,-0.044811071419600,-0.863239245468000,0.038642179489400,0.057807115081000
SITE_0250,Zaychi Vrah,-0.345312718850000,1.267427282890000,-0.127580018165000,1.194803892340000,0.787433487224000,0.798009302680000,-0.044811071419600,-0.815230784853000,0.037510393183700,0.069947139988700
