Site_ID,Site,Cluster_3,SEIS_SCR,FLOOD_SCR,FWI_SCR,ELSUS_SCR,RUSLE_SCR,ASSET_SCR,WLC_RISK3,RISK_CL3,ALL_RISK,ALL_CLASS,RISK_DIFF,ABS_DIFF,CLASS_SHIFT
SITE_0001,Ahtopol Fortress,1,3,1,3,5,,1,2.83243,Low,3.204249,Low,-0.371819,0.371819,0
SITE_0002,Kozareva Mogila,1,5,1,3,3,3,7,4.205103,Moderate,3.943587,Low,0.261516,0.261516,1
SITE_0003,Poros Fortress,1,3,5,3,5,,1,2.966804,Low,3.370649,Low,-0.403845,0.403845,0
SITE_0004,Cape Akra settlement,1,3,1,3,,,1,2.491634,Low,2.533843,Low,-0.042209,0.042209,0
SITE_0005,Deultum,1,3,5,5,1,,1,3.067836,Low,2.826965,Low,0.240872,0.240872,0
SITE_0006,Gornoto Gradishte,1,3,5,5,1,3,1,3.06186,Low,2.837128,Low,0.224733,0.224733,0
SITE_0007,Antimovo Fortress,1,5,1,7,5,7,1,4.962704,Moderate,4.990223,Moderate,-0.027519,0.027519,0
SITE_0008,Poros Fortress wall,1,3,7,3,,,1,2.724886,Low,2.876627,Low,-0.151741,0.151741,0
SITE_0009,Dolmen Dragon house,1,3,1,3,5,1,5,3.349664,Low,3.557154,Low,-0.20749,0.20749,0
SITE_0010,Urdoviza Fortress,1,3,1,3,7,,1,3.104158,Low,3.747933,Low,-0.643775,0.643775,0
SITE_0011,Gradishte Fortress II,1,5,1,3,9,5,1,4.106672,Moderate,4.872753,Moderate,-0.766081,0.766081,0
SITE_0012,Mishkova Niva,2,3,1,3,5,1,3,3.751618,Low,3.315968,Low,0.43565,0.43565,0
SITE_0013,Necropolis City of the dead,1,3,1,3,7,1,7,3.936783,Low,4.31009,Moderate,-0.373307,0.373307,-1
SITE_0014,Golyamoto Kale,1,3,1,5,3,1,1,3.010926,Low,3.074782,Low,-0.063857,0.063857,0
SITE_0015,Church of Christ Pantokrator,1,3,1,3,,,3,2.922249,Low,2.885739,Low,0.036511,0.036511,0
SITE_0016,Church of St. John Aliturgetos,1,3,1,3,,,3,2.922249,Low,2.885739,Low,0.036511,0.036511,0
SITE_0017,Church of St. John the Baptist,1,3,1,3,,,3,2.922249,Low,2.885739,Low,0.036511,0.036511,0
SITE_0018,Church of St. Paraskeva,1,3,1,3,,,3,2.922249,Low,2.885739,Low,0.036511,0.036511,0
SITE_0019,Church of St. Stefan,1,3,1,3,,,3,2.922249,Low,2.885739,Low,0.036511,0.036511,0
SITE_0020,Church of St. Theodore,1,3,1,3,,,3,2.922249,Low,2.885739,Low,0.036511,0.036511,0
SITE_0021,Church of St. Vlahara,1,3,1,3,,,3,2.922249,Low,2.885739,Low,0.036511,0.036511,0
SITE_0022,Church of the Holy Archangels,1,3,1,3,,,3,2.922249,Low,2.885739,Low,0.036511,0.036511,0
SITE_0023,Fortification of Mesembria Pontica,1,5,1,3,,,1,3.237451,Low,3.321029,Low,-0.083578,0.083578,0
SITE_0024,Foundations of Basilica Eliusa,1,3,1,3,,,3,2.922249,Low,2.885739,Low,0.036511,0.036511,0
SITE_0025,Mesembria Terms,1,3,1,3,,,1,2.491634,Low,2.533843,Low,-0.042209,0.042209,0
SITE_0026,Mesembria West St. John,1,5,1,3,5,,9,4.965359,Moderate,4.802386,Moderate,0.162973,0.162973,0
SITE_0027,Stara Mitropolia,1,3,1,3,,,3,2.922249,Low,2.885739,Low,0.036511,0.036511,0
SITE_0028,Anchialos Building,1,3,1,3,1,1,1,2.175424,Low,2.05128,Low,0.124144,0.124144,0
SITE_0029,Anchialos Christian Church,1,3,1,3,3,,1,2.560702,Low,2.660564,Low,-0.099862,0.099862,0
SITE_0030,Anchialos Church,1,3,1,3,3,,3,2.932813,Low,2.9168,Low,0.016013,0.016013,0
SITE_0031,Anchialos Fortification,1,3,1,3,3,,1,2.560702,Low,2.660564,Low,-0.099862,0.099862,0
SITE_0032,Anchialos Necropolis,1,3,1,3,3,,7,3.677034,Low,3.429271,Low,0.247763,0.247763,0
SITE_0033,Pomorie tomb,1,3,1,3,3,3,3,2.938732,Low,2.921687,Low,0.017045,0.017045,0
SITE_0034,Begliktash,1,3,1,3,5,1,5,3.349664,Low,3.557154,Low,-0.20749,0.20749,0
SITE_0035,Chengerska mound,1,3,1,3,3,1,7,3.441203,Low,3.286588,Low,0.154615,0.154615,0
SITE_0036,Mound Stamopolu,1,3,1,3,3,1,7,3.441203,Low,3.286588,Low,0.154615,0.154615,0
SITE_0037,Oriospotamo,1,3,1,3,,,1,2.491634,Low,2.533843,Low,-0.042209,0.042209,0
SITE_0038,Ranuli Fortress,1,3,1,3,7,1,1,2.918794,Low,3.586534,Low,-0.66774,0.66774,0
SITE_0039,Maslen Nos Fortress,1,3,1,3,,1,1,2.341647,Low,2.412775,Low,-0.071127,0.071127,0
SITE_0040,Rusokastro Fortress,1,3,1,5,7,1,1,3.506506,Low,4.098285,Moderate,-0.591779,0.591779,-1
SITE_0041,Apollonia Pontica Cape Skamni,1,3,1,3,,,1,2.491634,Low,2.533843,Low,-0.042209,0.042209,0
SITE_0042,St. Nicholas Monastery,1,3,1,3,7,,3,3.476268,Low,4.004169,Moderate,-0.5279,0.5279,-1
SITE_0043,Fortification of St. John Monastery,1,3,1,3,,,7,3.783481,Low,3.58953,Low,0.19395,0.19395,0
SITE_0044,Island St. Kirik and St. Julita,1,3,1,3,,,1,2.491634,Low,2.533843,Low,-0.042209,0.042209,0
SITE_0045,Mesarite,1,3,1,3,7,1,9,4.276113,Moderate,4.551276,Moderate,-0.275163,0.275163,0
SITE_0046,Monastery of St. John the Baptist,1,3,1,3,,,3,2.922249,Low,2.885739,Low,0.036511,0.036511,0
SITE_0047,Necropolis of Apollonia I,1,3,1,3,5,,7,3.948761,Low,3.972955,Low,-0.024194,0.024194,0
SITE_0048,Necropolis of Apollonia II,1,3,1,3,7,,7,4.220489,Moderate,4.51664,Moderate,-0.296151,0.296151,0
SITE_0049,Kolokita Necropolis of Apollonia,1,3,1,3,7,,7,4.220489,Moderate,4.51664,Moderate,-0.296151,0.296151,0
SITE_0050,Sozopolis Southern Complex,1,3,1,3,,,3,2.922249,Low,2.885739,Low,0.036511,0.036511,0
SITE_0051,Sozopolis Southern Fortification,1,3,1,3,7,,1,3.104158,Low,3.747933,Low,-0.643775,0.643775,0
SITE_0052,St. Marina Oikos,1,3,1,3,5,1,9,4.028323,Moderate,4.039525,Moderate,-0.011202,0.011202,0
SITE_0053,Via sacra,1,3,1,3,5,,1,2.83243,Low,3.204249,Low,-0.371819,0.371819,0
SITE_0054,Aquae Calidae,1,5,1,3,5,,1,3.476917,Low,3.777444,Low,-0.300527,0.300527,0
SITE_0055,Alexandrovo Tomb,1,5,1,9,1,1,7,5.544261,Moderate,4.849619,Moderate,0.694642,0.694642,0
SITE_0056,Asara Shrine and Fortress,1,5,1,3,7,3,1,3.682694,Low,4.243532,Moderate,-0.560838,0.560838,-1
SITE_0057,Dolmen Slavova Koriya,1,7,1,7,1,5,5,5.557307,Moderate,4.871151,Moderate,0.686156,0.686156,0
SITE_0058,Dolmen Gaidarov dolap,1,7,1,7,3,5,5,5.805097,Moderate,5.382902,Moderate,0.422195,0.422195,0
SITE_0059,Deaf Stones,2,5,1,9,9,1,5,7.089165,High,6.655438,High,0.433727,0.433727,0
SITE_0060,Cromlech,1,5,1,9,5,1,5,5.700511,Moderate,5.631936,Moderate,0.068575,0.068575,0
SITE_0061,Mound Dolno Botevo,1,7,1,9,3,5,7,6.732139,High,6.135839,High,0.5963,0.5963,0
SITE_0062,Kovan Kaya,1,5,5,9,3,1,5,5.575258,Moderate,5.276812,Moderate,0.298446,0.298446,0
SITE_0063,Kovan Kaya niches I,3,5,3,9,7,1,5,5.885892,Moderate,6.222001,High,-0.336109,0.336109,-1
SITE_0064,Gledka mound I,1,7,1,9,3,5,7,6.732139,High,6.135839,High,0.5963,0.5963,0
SITE_0065,Gledka mound II,1,7,1,9,3,5,7,6.732139,High,6.135839,High,0.5963,0.5963,0
SITE_0066,Furnadzhika,2,5,1,9,5,1,5,5.288176,Moderate,5.631936,Moderate,-0.34376,0.34376,0
SITE_0067,Dolmen Gorno Voyvodino,1,7,1,9,3,5,5,6.392809,High,5.894653,Moderate,0.498156,0.498156,1
SITE_0068,Dolmen Nachovi chairi,1,7,1,7,1,5,5,5.557307,Moderate,4.871151,Moderate,0.686156,0.686156,0
SITE_0069,Rodostitsa Fortress,1,5,5,9,5,1,1,5.144388,Moderate,5.306192,Moderate,-0.161803,0.161803,0
SITE_0070,Villa Armira,1,5,1,9,3,1,1,4.774062,Moderate,4.637814,Moderate,0.136248,0.136248,0
SITE_0071,Castra Rubra,1,7,1,9,1,3,1,5.290171,Moderate,4.783061,Moderate,0.50711,0.50711,0
SITE_0072,Kapitan Petko Voyvoda mound I,1,7,1,9,3,5,7,6.732139,High,6.135839,High,0.5963,0.5963,0
SITE_0073,Sanctuary of Nymphs and Aphrodite,1,5,1,9,3,7,1,5.302625,Moderate,4.990223,Moderate,0.312402,0.312402,0
SITE_0074,Fortress Klokotnitsa,1,7,1,9,1,1,1,5.113983,Moderate,4.665591,Moderate,0.448392,0.448392,0
SITE_0075,Fortified ruling house,1,5,7,9,1,1,1,4.710077,Moderate,4.361003,Moderate,0.349074,0.349074,0
SITE_0076,Dolmen Mangura,2,7,1,7,5,1,5,5.490267,Moderate,5.659714,Moderate,-0.169446,0.169446,0
SITE_0077,Dolmen Starite Loza,2,7,1,7,5,1,5,5.490267,Moderate,5.659714,Moderate,-0.169446,0.169446,0
SITE_0078,Hambar Kaya II,3,5,5,9,7,1,5,5.966253,Moderate,6.300314,High,-0.334061,0.334061,-1
SITE_0079,Deaf Stones Church,2,5,1,9,7,1,3,6.026064,High,5.902502,Moderate,0.123563,0.123563,1
SITE_0080,Bukelon Fortress,1,5,1,9,7,5,1,5.622018,Moderate,5.896256,Moderate,-0.274238,0.274238,0
SITE_0081,Matochina Rock Church,1,5,1,9,5,1,3,5.361181,Moderate,5.39075,Moderate,-0.029569,0.029569,0
SITE_0082,Merichleri mound I,1,7,1,9,1,,7,6.627743,High,5.663031,Moderate,0.964712,0.964712,1
SITE_0083,Merichleri mound II,1,7,1,9,1,,7,6.627743,High,5.663031,Moderate,0.964712,0.964712,1
SITE_0084,Merichleri mound III,1,7,1,9,1,,7,6.627743,High,5.663031,Moderate,0.964712,0.964712,1
SITE_0085,Mezek Tumulus,1,5,1,9,1,3,7,5.720449,Moderate,4.967089,Moderate,0.75336,0.75336,0
SITE_0086,Neutzikon Fortress,1,5,1,9,5,1,1,5.021852,Moderate,5.149565,Moderate,-0.127713,0.127713,0
SITE_0087,Mihalich Rock Church,3,5,1,9,3,7,3,4.515769,Moderate,5.231409,Moderate,-0.715639,0.715639,0
SITE_0088,Dolmen Bayamluka,1,7,1,7,1,1,5,5.204931,Moderate,4.636211,Moderate,0.56872,0.56872,0
SITE_0089,Orlovo Town,1,7,1,9,3,1,1,5.361773,Moderate,5.177343,Moderate,0.184431,0.184431,0
SITE_0090,Dolmen Kapakliyka II,1,7,1,7,1,3,5,5.381119,Moderate,4.753681,Moderate,0.627438,0.627438,0
SITE_0091,Mehir Stone Chuchul,1,7,1,9,1,3,5,5.968831,Moderate,5.265432,Moderate,0.703399,0.703399,0
SITE_0092,Ak Kaya,3,5,5,9,7,9,5,7.010138,High,6.770193,High,0.239945,0.239945,0
SITE_0093,Kara inn,3,5,5,9,7,9,5,7.010138,High,6.770193,High,0.239945,0.239945,0
SITE_0094,Dolmen Plevun,1,5,1,9,1,7,5,5.733495,Moderate,4.960843,Moderate,0.772652,0.772652,0
SITE_0095,Kovan Kaya niches II,2,5,3,9,7,1,5,6.263109,High,6.222001,High,0.041109,0.041109,0
SITE_0096,Efraim Fortress,3,5,5,9,9,5,1,7.174109,High,6.564633,High,0.609476,0.609476,0
SITE_0097,Dolmen Bakalov kladenets,1,7,1,7,1,1,5,5.204931,Moderate,4.636211,Moderate,0.56872,0.56872,0
SITE_0098,Dolmen Byalata treva,1,7,1,7,5,3,5,5.876699,Moderate,5.777184,Moderate,0.099516,0.099516,0
SITE_0099,Dolmen Kapakliyka I,1,7,1,7,3,1,5,5.452721,Moderate,5.147963,Moderate,0.304759,0.304759,0
SITE_0100,Dolmen Kliftinova niva,1,7,1,7,5,1,5,5.700511,Moderate,5.659714,Moderate,0.040797,0.040797,0
SITE_0101,Dolmen Paskalevi kelemeta,1,7,1,7,3,1,5,5.452721,Moderate,5.147963,Moderate,0.304759,0.304759,0
SITE_0102,Dolmen Sakartsi,2,7,1,7,1,1,5,3.689278,Low,4.636211,Moderate,-0.946934,0.946934,-1
SITE_0103,Burdenis Fortress,1,5,7,9,3,3,1,5.134055,Moderate,4.990224,Moderate,0.143831,0.143831,0
SITE_0104,Svilengrad mound necropolis,1,5,3,9,5,1,7,6.101109,High,5.951435,Moderate,0.149674,0.149674,1
SITE_0105,Svirachi Golyamata Mogila,1,5,1,9,3,3,7,5.968239,Moderate,5.47884,Moderate,0.489399,0.489399,0
SITE_0106,Paleokastro Fortress,2,7,1,7,5,1,1,5.165055,Moderate,5.177343,Moderate,-0.012288,0.012288,0
SITE_0107,Paparimsko Kale,2,7,1,7,3,1,1,4.26456,Moderate,4.665591,Moderate,-0.401031,0.401031,0
SITE_0108,Holy Trinity Monastery,1,7,1,9,3,5,3,6.053479,High,5.653468,Moderate,0.400012,0.400012,1
SITE_0109,Orlovi Skali,3,5,1,5,7,3,5,5.544559,Moderate,5.237655,Moderate,0.306905,0.306905,0
SITE_0110,Dupchen Kamak,1,3,1,5,7,5,5,4.537541,Moderate,4.815595,Moderate,-0.278054,0.278054,0
SITE_0111,Hambar Dere Necropolis,1,3,1,9,5,1,7,5.452129,Moderate,5.333593,Moderate,0.118537,0.118537,0
SITE_0112,Chernichino mound,2,5,1,9,5,1,7,5.450782,Moderate,5.873122,Moderate,-0.42234,0.42234,0
SITE_0113,Patmos Fortress,1,5,5,3,7,9,1,4.333794,Moderate,4.752568,Moderate,-0.418774,0.418774,0
SITE_0114,Duzhdovnitsa niches,3,5,1,3,5,9,5,5.100249,Moderate,4.566562,Moderate,0.533687,0.533687,0
SITE_0115,Perperikon,2,7,1,9,7,1,1,6.358515,High,6.200845,High,0.15767,0.15767,0
SITE_0116,Church of St. John Prodomus,1,5,7,3,3,,3,3.778862,Low,3.739596,Low,0.039266,0.039266,0
SITE_0117,Necropolis of St. John Prodomus,1,5,7,3,3,1,7,4.21272,Moderate,4.061057,Moderate,0.151663,0.151663,0
SITE_0118,Toplitsa,1,5,1,5,1,5,1,3.703224,Low,3.3375,Low,0.365724,0.365724,0
SITE_0119,Moryantsi tomb,1,5,1,9,7,5,5,6.300677,High,6.378627,High,-0.077949,0.077949,0
SITE_0120,Sivri Kaya niches,3,5,1,1,9,9,5,6.771783,High,5.078313,Moderate,1.69347,1.69347,1
SITE_0121,Arkata,3,5,5,9,7,1,5,5.966253,Moderate,6.300314,High,-0.334061,0.334061,-1
SITE_0122,Gouk in cave,3,5,5,9,5,1,5,5,Moderate,5.788563,Moderate,-0.788563,0.788563,0
SITE_0123,Pop Martinova Dypka,3,5,5,9,9,1,5,6.932506,High,6.812065,High,0.12044,0.12044,0
SITE_0124,Ada Tepe,2,3,1,9,7,1,9,6.018826,High,6.086529,High,-0.067703,0.067703,0
SITE_0125,Redestyuk Fortress,2,3,1,9,3,1,1,3.567412,Low,4.098285,Moderate,-0.530873,0.530873,-1
SITE_0126,Tatul,2,5,1,9,7,1,3,6.026064,High,5.902502,Moderate,0.123563,0.123563,1
SITE_0127,Ustra,2,3,1,5,9,1,1,5.682966,Moderate,4.610036,Moderate,1.07293,1.07293,0
SITE_0128,Vishegrad Fortress,1,5,5,9,7,9,1,6.09693,High,6.287822,High,-0.190892,0.190892,0
SITE_0129,Hambar Kaya,2,3,1,5,9,1,7,6.170785,High,5.333593,Moderate,0.837192,0.837192,1
SITE_0130,Asar Kaya niches,3,5,1,3,9,5,5,6.510812,High,5.355124,Moderate,1.155687,1.155687,1
SITE_0131,Mal Asar,2,3,1,5,9,1,7,6.170785,High,5.333593,Moderate,0.837192,0.837192,1
SITE_0132,Sredna Arda Rock cut niches,3,5,7,9,7,5,5,6.568556,High,6.613567,High,-0.04501,0.04501,0
SITE_0133,Shan Kaya,3,3,1,9,7,1,5,5.514256,Moderate,5.604158,Moderate,-0.089902,0.089902,0
SITE_0134,Belovo Basilica,2,7,1,1,7,1,3,5.349261,Moderate,4.395026,Moderate,0.954235,0.954235,0
SITE_0135,St. Spas Basilica,2,7,1,1,7,1,3,5.349261,Moderate,4.395026,Moderate,0.954235,0.954235,0
SITE_0136,Roman bridge Bratsigovo,2,5,1,1,7,1,1,4.691598,Moderate,3.614311,Low,1.077286,1.077286,1
SITE_0137,Dzhenevra,2,5,1,1,7,1,1,4.691598,Moderate,3.614311,Low,1.077286,1.077286,1
SITE_0138,Pashino Bardo,2,5,1,1,7,1,1,4.691598,Moderate,3.614311,Low,1.077286,1.077286,1
SITE_0139,Tsepina,2,7,1,1,9,1,1,6.087149,High,4.665591,Moderate,1.421558,1.421558,1
SITE_0140,Church of St. Dimitar,1,7,1,1,7,,3,4.120756,Moderate,4.606875,Moderate,-0.48612,0.48612,0
SITE_0141,Peristera Fortress,1,5,1,1,1,,1,2.288975,Low,2.146391,Low,0.142584,0.142584,0
SITE_0142,Kulata Gradot,2,7,1,1,7,1,1,5.186655,Moderate,4.15384,Moderate,1.032814,1.032814,0
SITE_0143,The tower Kalinkata,2,7,1,1,7,1,1,5.186655,Moderate,4.15384,Moderate,1.032814,1.032814,0
SITE_0144,Tatarsko Kale,2,5,1,1,7,1,1,4.691598,Moderate,3.614311,Low,1.077286,1.077286,1
SITE_0145,Emporion Pistiros,1,7,9,1,1,3,1,3.184397,Low,3.04931,Low,0.135087,0.135087,0
SITE_0146,Zhaba Mogila,1,5,1,1,3,5,7,3.793579,Low,3.549305,Low,0.244274,0.244274,0
SITE_0147,Lyubnishko Kale,2,7,1,1,7,1,1,5.186655,Moderate,4.15384,Moderate,1.032814,1.032814,0
SITE_0148,Bona Mansio,1,7,1,1,1,3,1,2.939324,Low,2.736057,Low,0.203267,0.203267,0
SITE_0149,Tell Yunatsite,1,7,3,3,1,5,9,5.121811,Moderate,4.408333,Moderate,0.713478,0.713478,0
SITE_0150,Anevo Kale,2,5,1,1,7,1,1,4.691598,Moderate,3.614311,Low,1.077286,1.077286,1
SITE_0151,Asenova Fortress,3,7,7,1,7,5,1,5.535607,Moderate,4.62372,Moderate,0.911887,0.911887,0
SITE_0152,Bachkovo Monastery,1,7,7,1,7,7,3,4.558205,Moderate,4.982375,Moderate,-0.424171,0.424171,0
SITE_0153,Church of St. George Metokha,1,7,7,1,5,,3,4.050589,Moderate,4.312791,Moderate,-0.262202,0.262202,0
SITE_0154,Church of the Holy Virgin of Petrich,3,7,7,1,7,5,3,5.675777,Moderate,4.864906,Moderate,0.810871,0.810871,0
SITE_0155,Stanimaka Fortress ruins,1,7,5,1,3,,1,3.339564,Low,3.429671,Low,-0.090107,0.090107,0
SITE_0156,Golyama Dragoyna,2,5,1,5,7,1,7,5.765347,Moderate,5.36137,Moderate,0.403976,0.403976,0
SITE_0157,Monastery of St. Cyril and St. Yulita,2,7,1,1,5,1,3,4.448766,Moderate,3.883275,Low,0.565491,0.565491,1
SITE_0158,Diocletionopolis,3,5,1,1,1,,1,1.66997,Very Low,2.146391,Low,-0.476421,0.476421,-1
SITE_0159,Hisarya Basilica 1,1,5,1,1,1,,3,2.661085,Low,2.402627,Low,0.258459,0.258459,0
SITE_0160,Hisarya Basilica 3,1,5,1,1,1,,3,2.661085,Low,2.402627,Low,0.258459,0.258459,0
SITE_0161,Hisarya Basilica 8,1,5,1,1,1,,3,2.661085,Low,2.402627,Low,0.258459,0.258459,0
SITE_0162,Hisarya Fortress walls,1,5,1,1,1,,1,2.288975,Low,2.146391,Low,0.142584,0.142584,0
SITE_0163,Hisarya Roman Baths,3,5,1,1,1,,1,1.66997,Very Low,2.146391,Low,-0.476421,0.476421,-1
SITE_0164,Stone of Tsar Asen,3,5,5,1,5,1,1,3.675777,Low,3.259187,Low,0.41659,0.41659,0
SITE_0165,Monastery of Saints Cosmas and Damian,3,7,1,1,7,5,3,5.434693,Moderate,4.629965,Moderate,0.804727,0.804727,0
SITE_0166,Maltepe,1,7,5,3,1,1,7,4.491374,Moderate,4.010521,Moderate,0.480852,0.480852,0
SITE_0167,Red Church,1,7,1,1,1,5,3,3.454841,Low,3.094712,Low,0.36013,0.36013,0
SITE_0168,Ancient Theatre of Philippopolis,3,7,3,5,1,,1,2.697645,Low,3.890155,Low,-1.192511,1.192511,0
SITE_0169,Domus Eirene,1,7,3,5,1,,1,4.289624,Moderate,3.890155,Low,0.399469,0.399469,1
SITE_0170,East Gate Philippopolis,1,7,5,5,1,,1,4.356811,Moderate,3.973356,Low,0.383455,0.383455,1
SITE_0171,Episcopal Great Basilica,1,7,1,5,1,,3,4.594547,Moderate,4.063191,Moderate,0.531357,0.531357,0
SITE_0172,Hellenistic buildings,1,7,1,5,1,,7,5.338768,Moderate,4.575662,Moderate,0.763106,0.763106,0
SITE_0173,Hisarya Kapia,1,7,5,5,1,,1,4.356811,Moderate,3.973356,Low,0.383455,0.383455,1
SITE_0174,Inner Fortress wall of Philippopolis,3,7,5,5,1,,1,2.790066,Low,3.973356,Low,-1.18329,1.18329,0
SITE_0175,Minor Basilica,1,7,3,5,1,,3,4.661735,Moderate,4.146391,Moderate,0.515343,0.515343,0
SITE_0176,Nebet Tepe,1,7,5,5,1,,1,4.356811,Moderate,3.973356,Low,0.383455,0.383455,1
SITE_0177,Outer Fortress wall of Philippopolis,1,7,5,5,1,,1,4.356811,Moderate,3.973356,Low,0.383455,0.383455,1
SITE_0178,Peristyle building and street intersection,1,7,3,5,1,,1,4.289624,Moderate,3.890155,Low,0.399469,0.399469,1
SITE_0179,Philippopolis Roman Baths I,1,7,3,5,1,,1,4.289624,Moderate,3.890155,Low,0.399469,0.399469,1
SITE_0180,Remains of Fortress wall of Philippopolis,1,7,3,5,1,,1,4.289624,Moderate,3.890155,Low,0.399469,0.399469,1
SITE_0181,Roman Forum of Philippopolis,1,7,1,5,1,,1,4.222437,Moderate,3.806955,Low,0.415482,0.415482,1
SITE_0182,Roman Stadium of Philippopolis,1,7,3,5,1,,1,4.289624,Moderate,3.890155,Low,0.399469,0.399469,1
SITE_0183,Spas Bair hill,1,7,1,3,1,5,1,3.703224,Low,3.365278,Low,0.337946,0.337946,0
SITE_0184,Belintash,2,7,1,1,9,3,5,6.4868,High,5.265432,Moderate,1.221368,1.221368,1
SITE_0185,Chetinyova Mogila,3,5,1,1,7,7,7,5.684728,Moderate,4.690277,Moderate,0.994451,0.994451,0
SITE_0186,Horizon mound,1,5,1,1,1,1,7,3.193413,Low,2.802615,Low,0.390799,0.390799,0
SITE_0187,Royal tomb,1,5,1,1,7,7,7,4.465347,Moderate,4.690277,Moderate,-0.22493,0.22493,0
SITE_0188,Church of St. Nicholas,1,7,3,5,1,,3,4.661735,Moderate,4.146391,Moderate,0.515343,0.515343,0
SITE_0189,Chintulovo mound,1,5,1,1,3,3,7,3.617391,Low,3.431836,Low,0.185556,0.185556,0
SITE_0190,Nanchovata Mogila,1,5,3,1,3,5,7,3.854848,Low,3.627619,Low,0.227229,0.227229,0
SITE_0191,Dyadovo settlement,1,5,1,5,3,,3,4.221788,Moderate,4.03368,Moderate,0.188108,0.188108,0
SITE_0192,Kaloyanovo Mound I,1,5,1,3,5,3,7,4.452893,Moderate,4.455338,Moderate,-0.002445,0.002445,0
SITE_0193,Kaloyanovo Mound II,1,5,1,3,5,3,7,4.452893,Moderate,4.455338,Moderate,-0.002445,0.002445,0
SITE_0194,Kaloyanovo Mound III,1,5,1,3,5,5,7,4.629081,Moderate,4.572808,Moderate,0.056274,0.056274,0
SITE_0195,Kaloyanovo Tumulus,1,5,1,3,5,5,7,4.629081,Moderate,4.572808,Moderate,0.056274,0.056274,0
SITE_0196,Kamen mogila,1,5,1,7,7,3,7,5.876107,Moderate,5.990591,Moderate,-0.114484,0.114484,0
SITE_0197,Kota 255,1,5,1,5,9,5,1,4.694384,Moderate,5.384504,Moderate,-0.690121,0.690121,0
SITE_0198,Prehistoric Wide Mound,1,5,1,5,5,5,9,5.556123,Moderate,5.325744,Moderate,0.230379,0.230379,0
SITE_0199,Roman Karanovo mound,1,5,1,5,5,3,7,5.040605,Moderate,4.967089,Moderate,0.073516,0.073516,0
SITE_0200,Tell Karanovo,1,5,1,5,1,,9,5.066391,Moderate,4.258702,Moderate,0.807689,0.807689,0
SITE_0201,Boz Bair,1,5,1,7,3,1,7,5.204339,Moderate,4.849619,Moderate,0.35472,0.35472,0
SITE_0202,Boz Bair mound I,1,5,1,7,3,5,7,5.556715,Moderate,5.084559,Moderate,0.472156,0.472156,0
SITE_0203,Boz Bair mound II,1,5,1,7,5,5,7,5.804505,Moderate,5.59631,Moderate,0.208195,0.208195,0
SITE_0204,Tuida Fortress,1,5,1,1,7,7,1,3.447358,Low,3.966721,Low,-0.519363,0.519363,0
SITE_0205,Sokol Himitliyata,1,5,1,5,1,1,7,4.368837,Moderate,3.826117,Low,0.54272,0.54272,1
SITE_0206,Staro Selo Mogila,1,5,1,7,5,7,7,5.980693,Moderate,5.71378,Moderate,0.266913,0.266913,0
SITE_0207,Tvarditsa Fortress,3,5,1,1,9,3,1,5.708531,Moderate,4.243532,Moderate,1.464999,1.464999,0
SITE_0208,Gela Basilica,2,5,1,1,9,3,3,5.829137,Moderate,4.484718,Moderate,1.34442,1.34442,0
SITE_0209,Gradishte Fortress,2,5,1,1,9,5,1,5.74097,Moderate,4.361002,Moderate,1.379968,1.379968,0
SITE_0210,Momchilova Fortress,2,5,1,1,7,5,1,4.840475,Moderate,3.849251,Low,0.991224,0.991224,1
SITE_0211,Kaleto Fortress Koshnitsa,2,5,1,1,7,1,1,4.691598,Moderate,3.614311,Low,1.077286,1.077286,1
SITE_0212,Uleya Cave,3,5,1,1,5,5,5,4.317335,Moderate,3.819871,Low,0.497464,0.497464,1
SITE_0213,St. Ilia Fortress,2,5,1,1,7,5,1,4.840475,Moderate,3.849251,Low,0.991224,0.991224,1
SITE_0214,Yagodinska Cave,3,5,1,1,5,1,5,3.795393,Low,3.584931,Low,0.210461,0.210461,0
SITE_0215,Tyovnata dupka,2,5,1,1,7,5,5,5.165687,Moderate,4.331622,Moderate,0.834065,0.834065,0
SITE_0216,Bratya Daskalovi mound,1,5,1,3,3,,7,4.321521,Moderate,4.002466,Moderate,0.319055,0.319055,0
SITE_0217,Momina Mogila,1,5,1,3,5,5,7,4.629081,Moderate,4.572808,Moderate,0.056274,0.056274,0
SITE_0218,Buzovo Kale,2,5,3,1,7,1,1,4.766036,Moderate,3.692625,Low,1.073412,1.073412,1
SITE_0219,Thracian domed tomb,1,5,5,1,7,5,7,4.411696,Moderate,4.729434,Moderate,-0.317738,0.317738,0
SITE_0220,Pizus Fortress,1,7,1,5,1,3,1,4.114748,Moderate,3.759559,Low,0.355189,0.355189,1
SITE_0221,Tomb of Kazanlak,2,5,1,1,5,1,7,4.278922,Moderate,3.826117,Low,0.452805,0.452805,1
SITE_0222,Kran Fortress,3,5,1,1,7,5,1,5.003249,Moderate,3.849251,Low,1.153998,1.153998,1
SITE_0223,Kesteleva Mogila,1,5,1,1,5,1,7,3.688993,Low,3.826117,Low,-0.137124,0.137124,0
SITE_0224,Malak Dol mound,1,5,1,3,3,3,7,4.205103,Moderate,3.943587,Low,0.261516,0.261516,1
SITE_0225,Karasura,1,5,1,5,1,1,1,3.350848,Low,3.10256,Low,0.248287,0.248287,0
SITE_0226,Tomb of Sashnova,1,5,1,1,1,5,7,3.545789,Low,3.037554,Low,0.508235,0.508235,0
SITE_0227,Golyama Arsenalka tomb,1,5,1,1,1,1,7,3.193413,Low,2.802615,Low,0.390799,0.390799,0
SITE_0228,Mezideva Fortress,2,5,1,1,7,1,1,4.691598,Moderate,3.614311,Low,1.077286,1.077286,1
SITE_0229,Ostrusha tomb,3,5,1,1,3,5,7,3.491252,Low,3.549305,Low,-0.058054,0.058054,0
SITE_0230,Sarafova Mogila,1,5,1,1,3,1,7,3.441203,Low,3.314366,Low,0.126838,0.126838,0
SITE_0231,Tomb of Helvetia,1,5,1,1,3,,7,3.677034,Low,3.458782,Low,0.218252,0.218252,0
SITE_0232,Tomb of Malka Kosmatka,1,5,1,1,3,5,7,3.793579,Low,3.549305,Low,0.244274,0.244274,0
SITE_0233,Tomb of Seuthes III,1,5,1,1,3,5,7,3.793579,Low,3.549305,Low,0.244274,0.244274,0
SITE_0234,Tomb of Shushmanets,3,5,1,1,7,,7,5.487349,Moderate,4.546151,Moderate,0.941198,0.941198,0
SITE_0235,Tomb of Svetitzata,1,5,1,1,1,5,7,3.545789,Low,3.037554,Low,0.508235,0.508235,0
SITE_0236,Tomb of The Griffins,1,5,1,1,3,3,7,3.617391,Low,3.431836,Low,0.185556,0.185556,0
SITE_0237,Augusta Traiana Vereia,1,5,1,3,1,,1,2.933462,Low,2.690075,Low,0.243387,0.243387,0
SITE_0238,Neolithic dwellings,1,5,1,1,7,,9,4.5926,Moderate,4.802386,Moderate,-0.209787,0.209787,0
SITE_0239,Bereket Mound,1,5,1,1,1,1,9,3.532743,Low,3.0438,Low,0.488943,0.488943,0
SITE_0240,Roman mineral baths,1,5,1,1,3,,1,2.560702,Low,2.690075,Low,-0.129373,0.129373,0
SITE_0241,Fortress Zemlen,1,5,1,9,1,3,1,4.702459,Moderate,4.243532,Moderate,0.458927,0.458927,0
SITE_0242,Cheir maj Kaleto,1,5,5,9,3,3,1,5.072786,Moderate,4.91191,Moderate,0.160876,0.160876,0
SITE_0243,Hisara Fortress,1,5,3,9,5,,1,5.477567,Moderate,5.491698,Moderate,-0.014131,0.014131,0
SITE_0244,Monastery of St. Athanasius the Great,1,5,5,9,3,,3,5.645137,Moderate,5.287449,Moderate,0.357688,0.357688,0
SITE_0245,Kaleto Fortress Bolyarovo,1,3,1,9,3,1,1,4.18635,Moderate,4.098285,Moderate,0.088065,0.088065,0
SITE_0246,Ancient Kabile,1,5,5,7,3,1,1,4.308886,Moderate,4.282689,Moderate,0.026197,0.026197,0
SITE_0247,Roman residence,1,5,1,9,1,5,1,4.878647,Moderate,4.361002,Moderate,0.517645,0.517645,0
SITE_0248,Malkoto Kale Fortress,1,3,1,9,5,1,1,4.43414,Moderate,4.610036,Moderate,-0.175896,0.175896,0
SITE_0249,Dabilin Fortress,1,5,7,7,1,,1,4.423998,Moderate,4.027045,Moderate,0.396954,0.396954,0
SITE_0250,Zaychi Vrah,3,5,3,7,7,5,1,5.866524,Moderate,5.462818,Moderate,0.403706,0.403706,0
