Site_ID,Site,Cluster,Status,Intentional_NA_Criteria,Unexpected_Missing_Fields,Reason,Rusle_MTH,ELSUS_MTH,Material_general,SEIS_SCR,FWI_SCR,FLOOD_SCR,RUSLE_SCR,ELSUS_SCR,ASSET_SCR
SITE_0001,Ahtopol Fortress,1,Intentional N/A - renormalized,Soil Erosion,,Soil Erosion: RUSLE not applicable / excluded (Coastal excl.),Coastal excl.,Near≤400m,Mortared stone masonry,1,3,1,,5,1
SITE_0003,Poros Fortress,1,Intentional N/A - renormalized,Soil Erosion,,Soil Erosion: RUSLE not applicable / excluded (Coastal excl.),Coastal excl.,Near≤400m,Mortared stone masonry,1,3,5,,5,1
SITE_0004,Cape Akra settlement,1,Intentional N/A - renormalized,Soil Erosion; Landslide,,Soil Erosion: RUSLE not applicable / excluded (Coastal excl.) | Landslide: ELSUS unavailable: nearest valid cell is beyond 400 m,Coastal excl.,NoData>400m,Mortared stone masonry,1,3,1,,,1
SITE_0005,Deultum,1,Intentional N/A - renormalized,Soil Erosion,,Soil Erosion: RUSLE not applicable / excluded (Urban excl.),Urban excl.,Direct,Mortared stone masonry,1,5,5,,1,1
SITE_0008,Poros Fortress wall,1,Intentional N/A - renormalized,Soil Erosion; Landslide,,Soil Erosion: RUSLE not applicable / excluded (Coastal excl.) | Landslide: ELSUS unavailable: nearest valid cell is beyond 400 m,Coastal excl.,NoData>400m,Mortared stone masonry,1,3,7,,,1
SITE_0010,Urdoviza Fortress,1,Intentional N/A - renormalized,Soil Erosion,,Soil Erosion: RUSLE not applicable / excluded (Urban excl.),Urban excl.,Direct,Mortared stone masonry,1,3,1,,7,1
SITE_0015,Church of Christ Pantokrator,1,Intentional N/A - renormalized,Soil Erosion; Landslide,,Soil Erosion: RUSLE not applicable / excluded (Urban excl.) | Landslide: ELSUS unavailable: nearest valid cell is beyond 400 m,Urban excl.,NoData>400m,Mortared mixed masonry (stone + brick),1,3,1,,,3
SITE_0016,Church of St. John Aliturgetos,1,Intentional N/A - renormalized,Soil Erosion; Landslide,,Soil Erosion: RUSLE not applicable / excluded (Urban excl.) | Landslide: ELSUS unavailable: nearest valid cell is beyond 400 m,Urban excl.,NoData>400m,Mortared mixed masonry (stone + brick),1,3,1,,,3
SITE_0017,Church of St. John the Baptist,1,Intentional N/A - renormalized,Soil Erosion; Landslide,,Soil Erosion: RUSLE not applicable / excluded (Urban excl.) | Landslide: ELSUS unavailable: nearest valid cell is beyond 400 m,Urban excl.,NoData>400m,Mortared mixed masonry (stone + brick),1,3,1,,,3
SITE_0018,Church of St. Paraskeva,1,Intentional N/A - renormalized,Soil Erosion; Landslide,,Soil Erosion: RUSLE not applicable / excluded (Urban excl.) | Landslide: ELSUS unavailable: nearest valid cell is beyond 400 m,Urban excl.,NoData>400m,Mortared mixed masonry (stone + brick),1,3,1,,,3
SITE_0019,Church of St. Stefan,1,Intentional N/A - renormalized,Soil Erosion; Landslide,,Soil Erosion: RUSLE not applicable / excluded (Urban excl.) | Landslide: ELSUS unavailable: nearest valid cell is beyond 400 m,Urban excl.,NoData>400m,Mortared mixed masonry (stone + brick),1,3,1,,,3
SITE_0020,Church of St. Theodore,1,Intentional N/A - renormalized,Soil Erosion; Landslide,,Soil Erosion: RUSLE not applicable / excluded (Urban excl.) | Landslide: ELSUS unavailable: nearest valid cell is beyond 400 m,Urban excl.,NoData>400m,Mortared mixed masonry (stone + brick),1,3,1,,,3
SITE_0021,Church of St. Vlahara,1,Intentional N/A - renormalized,Soil Erosion; Landslide,,Soil Erosion: RUSLE not applicable / excluded (Urban excl.) | Landslide: ELSUS unavailable: nearest valid cell is beyond 400 m,Urban excl.,NoData>400m,Mortared mixed masonry (stone + brick),1,3,1,,,3
SITE_0022,Church of the Holy Archangels,1,Intentional N/A - renormalized,Soil Erosion; Landslide,,Soil Erosion: RUSLE not applicable / excluded (Urban excl.) | Landslide: ELSUS unavailable: nearest valid cell is beyond 400 m,Urban excl.,NoData>400m,Mortared mixed masonry (stone + brick),1,3,1,,,3
SITE_0023,Fortification of Mesembria Pontica,1,Intentional N/A - renormalized,Soil Erosion; Landslide,,Soil Erosion: RUSLE not applicable / excluded (Urban excl.) | Landslide: ELSUS unavailable: nearest valid cell is beyond 400 m,Urban excl.,NoData>400m,Mortared stone masonry,3,3,1,,,1
SITE_0024,Foundations of Basilica Eliusa,1,Intentional N/A - renormalized,Soil Erosion; Landslide,,Soil Erosion: RUSLE not applicable / excluded (Urban excl.) | Landslide: ELSUS unavailable: nearest valid cell is beyond 400 m,Urban excl.,NoData>400m,Mortared mixed masonry (stone + brick),1,3,1,,,3
SITE_0025,Mesembria Terms,1,Intentional N/A - renormalized,Soil Erosion; Landslide,,Soil Erosion: RUSLE not applicable / excluded (Urban excl.) | Landslide: ELSUS unavailable: nearest valid cell is beyond 400 m,Urban excl.,NoData>400m,Mortared stone masonry,1,3,1,,,1
SITE_0026,Mesembria West St. John,1,Intentional N/A - renormalized,Soil Erosion,,Soil Erosion: RUSLE not applicable / excluded (Urban excl.),Urban excl.,Near≤400m,Earthwork / earthen architecture,3,3,1,,5,9
SITE_0027,Stara Mitropolia,1,Intentional N/A - renormalized,Soil Erosion; Landslide,,Soil Erosion: RUSLE not applicable / excluded (Urban excl.) | Landslide: ELSUS unavailable: nearest valid cell is beyond 400 m,Urban excl.,NoData>400m,Mortared mixed masonry (stone + brick),1,3,1,,,3
SITE_0029,Anchialos Christian Church,1,Intentional N/A - renormalized,Soil Erosion,,Soil Erosion: RUSLE not applicable / excluded (Urban excl.),Urban excl.,Near≤400m,Mortared stone masonry,1,3,1,,3,1
SITE_0030,Anchialos Church,1,Intentional N/A - renormalized,Soil Erosion,,Soil Erosion: RUSLE not applicable / excluded (Urban excl.),Urban excl.,Direct,Mortared mixed masonry (stone + brick),1,3,1,,3,3
SITE_0031,Anchialos Fortification,1,Intentional N/A - renormalized,Soil Erosion,,Soil Erosion: RUSLE not applicable / excluded (Urban excl.),Urban excl.,Direct,Mortared stone masonry,1,3,1,,3,1
SITE_0032,Anchialos Necropolis,1,Intentional N/A - renormalized,Soil Erosion,,Soil Erosion: RUSLE not applicable / excluded (Urban excl.),Urban excl.,Near≤400m,Burial deposits / unspecified construction,1,3,1,,3,7
SITE_0037,Oriospotamo,1,Intentional N/A - renormalized,Soil Erosion; Landslide,,Soil Erosion: RUSLE not applicable / excluded (Coastal excl.) | Landslide: ELSUS unavailable: nearest valid cell is beyond 400 m,Coastal excl.,NoData>400m,Mortared stone masonry,1,3,1,,,1
SITE_0039,Thera Fortress foundation,1,Intentional N/A - renormalized,Landslide,,Landslide: ELSUS unavailable: nearest valid cell is beyond 400 m,Direct,NoData>400m,Mortared stone masonry,1,3,1,1,,1
SITE_0041,Apollonia Pontica Cape Skamni,1,Intentional N/A - renormalized,Soil Erosion; Landslide,,Soil Erosion: RUSLE not applicable / excluded (Coastal excl.) | Landslide: ELSUS unavailable: nearest valid cell is beyond 400 m,Coastal excl.,NoData>400m,Mortared stone masonry,1,3,1,,,1
SITE_0042,Apollonia Pontica Chapel,1,Intentional N/A - renormalized,Soil Erosion,,Soil Erosion: RUSLE not applicable / excluded (Urban excl.),Urban excl.,Near≤400m,Mortared mixed masonry (stone + brick),1,3,1,,7,3
SITE_0043,Fortification of St. John Monastery,1,Intentional N/A - renormalized,Soil Erosion; Landslide,,Soil Erosion: RUSLE not applicable / excluded (Coastal excl.) | Landslide: ELSUS unavailable: nearest valid cell is beyond 400 m,Coastal excl.,NoData>400m,Earthwork / early stone construction,1,3,1,,,7
SITE_0044,Island St. Kirik and St. Julita,1,Intentional N/A - renormalized,Soil Erosion; Landslide,,Soil Erosion: RUSLE not applicable / excluded (Urban excl.) | Landslide: ELSUS unavailable: nearest valid cell is beyond 400 m,Urban excl.,NoData>400m,Mortared stone masonry,1,3,1,,,1
SITE_0046,Monastery of St. John the Baptist,1,Intentional N/A - renormalized,Soil Erosion; Landslide,,Soil Erosion: RUSLE not applicable / excluded (Coastal excl.) | Landslide: ELSUS unavailable: nearest valid cell is beyond 400 m,Coastal excl.,NoData>400m,Mortared mixed masonry (stone + brick),1,3,1,,,3
SITE_0047,Necropolis of Apollonia I,1,Intentional N/A - renormalized,Soil Erosion,,Soil Erosion: RUSLE not applicable / excluded (Urban excl.),Urban excl.,Direct,Earthwork (earthen burial mound),1,3,1,,5,7
SITE_0048,Necropolis of Apollonia II,1,Intentional N/A - renormalized,Soil Erosion,,Soil Erosion: RUSLE not applicable / excluded (Urban excl.),Urban excl.,Direct,Earthwork (earthen burial mound),1,3,1,,7,7
SITE_0049,Necropolis of Apollonia III,1,Intentional N/A - renormalized,Soil Erosion,,Soil Erosion: RUSLE not applicable / excluded (Urban excl.),Urban excl.,Direct,Earthwork (earthen burial mound),1,3,1,,7,7
SITE_0050,Sozopolis Southern Complex,1,Intentional N/A - renormalized,Soil Erosion; Landslide,,Soil Erosion: RUSLE not applicable / excluded (Urban excl.) | Landslide: ELSUS unavailable: nearest valid cell is beyond 400 m,Urban excl.,NoData>400m,Mortared mixed masonry (stone + brick),1,3,1,,,3
SITE_0051,Sozopolis Southern Fortification,1,Intentional N/A - renormalized,Soil Erosion,,Soil Erosion: RUSLE not applicable / excluded (Urban excl.),Urban excl.,Near≤400m,Mortared stone masonry,1,3,1,,7,1
SITE_0053,Via sacra,1,Intentional N/A - renormalized,Soil Erosion,,Soil Erosion: RUSLE not applicable / excluded (Urban excl.),Urban excl.,Direct,Mortared stone masonry,1,3,1,,5,1
SITE_0054,Aquae Calidae,1,Intentional N/A - renormalized,Soil Erosion,,Soil Erosion: RUSLE not applicable / excluded (Urban excl.),Urban excl.,Direct,Mortared stone masonry,3,3,1,,5,1
SITE_0082,Merichleri mound I,1,Intentional N/A - renormalized,Soil Erosion,,Soil Erosion: RUSLE not applicable / excluded (Other excl.),Other excl.,Direct,Earthwork (earthen burial mound),9,9,1,,1,7
SITE_0083,Merichleri mound II,1,Intentional N/A - renormalized,Soil Erosion,,Soil Erosion: RUSLE not applicable / excluded (Other excl.),Other excl.,Direct,Earthwork (earthen burial mound),9,9,1,,1,7
SITE_0084,Merichleri mound III,1,Intentional N/A - renormalized,Soil Erosion,,Soil Erosion: RUSLE not applicable / excluded (Other excl.),Other excl.,Direct,Earthwork (earthen burial mound),9,9,1,,1,7
SITE_0116,Church of St. John Prodomus,1,Intentional N/A - renormalized,Soil Erosion,,Soil Erosion: RUSLE not applicable / excluded (Urban excl.),Urban excl.,Direct,Mortared mixed masonry (stone + brick),3,3,7,,3,3
SITE_0140,Church of St. Dimitar,1,Intentional N/A - renormalized,Soil Erosion,,Soil Erosion: RUSLE not applicable / excluded (Urban excl.),Urban excl.,Direct,Mortared mixed masonry (stone + brick),9,1,1,,7,3
SITE_0141,Peristera Fortress,1,Intentional N/A - renormalized,Soil Erosion,,Soil Erosion: RUSLE not applicable / excluded (Urban excl.),Urban excl.,Direct,Mortared stone masonry,7,1,1,,1,1
SITE_0153,Church of St. George Metokha,1,Intentional N/A - renormalized,Soil Erosion,,Soil Erosion: RUSLE not applicable / excluded (Urban excl.),Urban excl.,Direct,Mortared mixed masonry (stone + brick),9,1,7,,5,3
SITE_0155,Stanimaka Fortress ruins,1,Intentional N/A - renormalized,Soil Erosion,,Soil Erosion: RUSLE not applicable / excluded (Urban excl.),Urban excl.,Direct,Mortared stone masonry,9,1,5,,3,1
SITE_0158,Diocletionopolis,3,Intentional N/A - renormalized,Soil Erosion,,Soil Erosion: RUSLE not applicable / excluded (Urban excl.),Urban excl.,Direct,Mortared stone masonry,5,1,1,,1,1
SITE_0159,Hisarya Basilica 1,1,Intentional N/A - renormalized,Soil Erosion,,Soil Erosion: RUSLE not applicable / excluded (Urban excl.),Urban excl.,Direct,Mortared mixed masonry (stone + brick),5,1,1,,1,3
SITE_0160,Hisarya Basilica 3,1,Intentional N/A - renormalized,Soil Erosion,,Soil Erosion: RUSLE not applicable / excluded (Urban excl.),Urban excl.,Direct,Mortared mixed masonry (stone + brick),5,1,1,,1,3
SITE_0161,Hisarya Basilica 8,1,Intentional N/A - renormalized,Soil Erosion,,Soil Erosion: RUSLE not applicable / excluded (Urban excl.),Urban excl.,Direct,Mortared mixed masonry (stone + brick),5,1,1,,1,3
SITE_0162,Hisarya Fortress walls,1,Intentional N/A - renormalized,Soil Erosion,,Soil Erosion: RUSLE not applicable / excluded (Urban excl.),Urban excl.,Direct,Mortared stone masonry,5,1,1,,1,1
SITE_0163,Hisarya Roman Baths,3,Intentional N/A - renormalized,Soil Erosion,,Soil Erosion: RUSLE not applicable / excluded (Urban excl.),Urban excl.,Direct,Mortared stone masonry,5,1,1,,1,1
SITE_0168,Ancient Theatre of Philippopolis,3,Intentional N/A - renormalized,Soil Erosion,,Soil Erosion: RUSLE not applicable / excluded (Urban excl.),Urban excl.,Direct,Mortared stone masonry,9,5,3,,1,1
SITE_0169,Domus Eirene,1,Intentional N/A - renormalized,Soil Erosion,,Soil Erosion: RUSLE not applicable / excluded (Urban excl.),Urban excl.,Direct,Mortared stone masonry,9,5,3,,1,1
SITE_0170,East Gate Philippopolis,1,Intentional N/A - renormalized,Soil Erosion,,Soil Erosion: RUSLE not applicable / excluded (Urban excl.),Urban excl.,Direct,Mortared stone masonry,9,5,5,,1,1
SITE_0171,Episcopal Great Basilica,1,Intentional N/A - renormalized,Soil Erosion,,Soil Erosion: RUSLE not applicable / excluded (Urban excl.),Urban excl.,Direct,Mortared mixed masonry (stone + brick),9,5,1,,1,3
SITE_0172,Hellenistic buildings,1,Intentional N/A - renormalized,Soil Erosion,,Soil Erosion: RUSLE not applicable / excluded (Urban excl.),Urban excl.,Direct,Earthwork / early stone construction,9,5,1,,1,7
SITE_0173,Hisarya Kapia,1,Intentional N/A - renormalized,Soil Erosion,,Soil Erosion: RUSLE not applicable / excluded (Urban excl.),Urban excl.,Direct,Mortared stone masonry,9,5,5,,1,1
SITE_0174,Inner Fortress wall of Philippopolis,3,Intentional N/A - renormalized,Soil Erosion,,Soil Erosion: RUSLE not applicable / excluded (Urban excl.),Urban excl.,Direct,Mortared stone masonry,9,5,5,,1,1
SITE_0175,Minor Basilica,1,Intentional N/A - renormalized,Soil Erosion,,Soil Erosion: RUSLE not applicable / excluded (Urban excl.),Urban excl.,Direct,Mortared mixed masonry (stone + brick),9,5,3,,1,3
SITE_0176,Nebet Tepe,1,Intentional N/A - renormalized,Soil Erosion,,Soil Erosion: RUSLE not applicable / excluded (Urban excl.),Urban excl.,Direct,Mortared stone masonry,9,5,5,,1,1
SITE_0177,Outer Fortress wall of Philippopolis,1,Intentional N/A - renormalized,Soil Erosion,,Soil Erosion: RUSLE not applicable / excluded (Urban excl.),Urban excl.,Direct,Mortared stone masonry,9,5,5,,1,1
SITE_0178,Peristyle building and street intersection,1,Intentional N/A - renormalized,Soil Erosion,,Soil Erosion: RUSLE not applicable / excluded (Urban excl.),Urban excl.,Direct,Mortared stone masonry,9,5,3,,1,1
SITE_0179,Philippopolis Roman Baths I,1,Intentional N/A - renormalized,Soil Erosion,,Soil Erosion: RUSLE not applicable / excluded (Urban excl.),Urban excl.,Direct,Mortared stone masonry,9,5,3,,1,1
SITE_0180,Remains of Fortress wall of Philippopolis,1,Intentional N/A - renormalized,Soil Erosion,,Soil Erosion: RUSLE not applicable / excluded (Urban excl.),Urban excl.,Direct,Mortared stone masonry,9,5,3,,1,1
SITE_0181,Roman Forum of Philippopolis,1,Intentional N/A - renormalized,Soil Erosion,,Soil Erosion: RUSLE not applicable / excluded (Urban excl.),Urban excl.,Direct,Mortared stone masonry,9,5,1,,1,1
SITE_0182,Roman Stadium of Philippopolis,1,Intentional N/A - renormalized,Soil Erosion,,Soil Erosion: RUSLE not applicable / excluded (Urban excl.),Urban excl.,Direct,Mortared stone masonry,9,5,3,,1,1
SITE_0188,Church of St. Nicholas,1,Intentional N/A - renormalized,Soil Erosion,,Soil Erosion: RUSLE not applicable / excluded (Urban excl.),Urban excl.,Direct,Mortared mixed masonry (stone + brick),9,5,3,,1,3
SITE_0191,Dyadovo settlement,1,Intentional N/A - renormalized,Soil Erosion,,Soil Erosion: RUSLE not applicable / excluded (Urban excl.),Urban excl.,Direct,Mortared mixed masonry (stone + brick),3,5,1,,3,3
SITE_0200,Tell Karanovo,1,Intentional N/A - renormalized,Soil Erosion,,Soil Erosion: RUSLE not applicable / excluded (Urban excl.),Urban excl.,Direct,Earthwork / earthen architecture,3,5,1,,1,9
SITE_0216,Bratya Daskalovi mound,1,Intentional N/A - renormalized,Soil Erosion,,Soil Erosion: RUSLE not applicable / excluded (Urban excl.),Urban excl.,Direct,Earthwork (earthen burial mound),9,3,1,,3,7
SITE_0231,Tomb of Helvetia,1,Intentional N/A - renormalized,Soil Erosion,,Soil Erosion: RUSLE not applicable / excluded (Urban excl.),Urban excl.,Direct,Earthwork (earthen burial mound),3,1,1,,3,7
SITE_0234,Tomb of Shushmanets,3,Intentional N/A - renormalized,Soil Erosion,,Soil Erosion: RUSLE not applicable / excluded (Urban excl.),Urban excl.,Direct,Earthwork (earthen burial mound),3,1,1,,7,7
SITE_0237,Augusta Traiana Vereia,1,Intentional N/A - renormalized,Soil Erosion,,Soil Erosion: RUSLE not applicable / excluded (Urban excl.),Urban excl.,Direct,Mortared stone masonry,5,3,1,,1,1
SITE_0238,Neolithic dwellings,1,Intentional N/A - renormalized,Soil Erosion,,Soil Erosion: RUSLE not applicable / excluded (Urban excl.),Urban excl.,Direct,Earthwork / earthen architecture,5,1,1,,7,9
SITE_0240,Roman mineral baths,1,Intentional N/A - renormalized,Soil Erosion,,Soil Erosion: RUSLE not applicable / excluded (Urban excl.),Urban excl.,Direct,Mortared stone masonry,3,1,1,,3,1
SITE_0243,Hisara Fortress,1,Intentional N/A - renormalized,Soil Erosion,,Soil Erosion: RUSLE not applicable / excluded (Other excl.),Other excl.,Direct,Mortared stone masonry,9,9,3,,5,1
SITE_0244,Monastery of St. Athanasius the Great,1,Intentional N/A - renormalized,Soil Erosion,,Soil Erosion: RUSLE not applicable / excluded (Urban excl.),Urban excl.,Direct,Mortared mixed masonry (stone + brick),9,9,5,,3,3
SITE_0249,Dabilin Fortress,1,Intentional N/A - renormalized,Soil Erosion,,Soil Erosion: RUSLE not applicable / excluded (Urban excl.),Urban excl.,Direct,Mortared stone masonry,3,7,7,,1,1
