Cluster,Run_ID,Criterion_Row,Criterion_Column,Direction,Base_IOI,Perturbed_IOI,Base_CR,Alternative_CR,CR_Accepted,Weight_Seismic,Weight_Wildfire,Weight_Flood,Weight_Soil_Erosion,Weight_Landslide,Weight_Asset_Vulnerability,Sites_Analyzed,Sites_Changing_Class,Site_Class_Change_Pct,OCR_Chen,OCR_Note,Base_Very_Low,Base_Low,Base_Moderate,Base_High,Base_Very_High,Alt_Very_Low,Alt_Low,Alt_Moderate,Alt_High,Alt_Very_High
1,C1_R01,Seismic,Wildfire,down,1,1/2,0.07448249102972336,0.08308087075398989,True,0.25955676982095766,0.33131818640996047,0.030238788624217236,0.08717143160691607,0.12297248006619238,0.1687423434717563,178,5,2.808988764044944,0.33187134502923976,,0,76,90,12,0,0,78,85,15,0
1,C1_R02,Seismic,Wildfire,up,1,2,0.07448249102972336,0.08308087075398989,True,0.33131818640996047,0.25955676982095766,0.030238788624217236,0.08717143160691607,0.12297248006619238,0.1687423434717563,178,4,2.247191011235955,0.28538011695906434,,0,76,90,12,0,0,77,92,9,0
1,C1_R03,Seismic,Flood,down,7,6,0.07448249102972336,0.0783504540163731,True,0.28905110494142705,0.29479823137820865,0.03202191145997165,0.08891893063209205,0.12471997909136837,0.17048984249693228,178,0,0.0,0.0,,0,76,90,12,0,0,76,90,12,0
1,C1_R04,Seismic,Flood,up,7,8,0.07448249102972336,0.0718560996371047,True,0.29828085339487437,0.29290450930885287,0.02954586595131681,0.0872989370069465,0.1230999854662228,0.16886984887178672,178,0,0.0,0.0,,0,76,90,12,0,0,76,90,12,0
1,C1_R05,Seismic,Soil Erosion,down,3,2,0.07448249102972336,0.08364129260745709,True,0.2806289849852705,0.29429018717106287,0.030459643270406685,0.0966320122514766,0.12610965445810973,0.17187951786367364,178,1,0.5617977528089888,0.09444444444444444,,0,76,90,12,0,0,76,89,13,0
1,C1_R06,Seismic,Soil Erosion,up,3,4,0.07448249102972336,0.07198867354319595,True,0.3043699333621879,0.29263284416031,0.03066267723662243,0.08314672019525583,0.12170898082002995,0.16747884422559386,178,1,0.5617977528089888,0.09444444444444444,,0,76,90,12,0,0,76,89,13,0
1,C1_R07,Seismic,Landslide,down,3,2,0.07448249102972336,0.07435872543247483,True,0.2786820490271289,0.2961645665096464,0.030584601892978923,0.08775703154437454,0.1330578538236141,0.17375389720225715,178,1,0.5617977528089888,0.024269005847953218,,0,76,90,12,0,0,77,89,12,0
1,C1_R08,Seismic,Landslide,up,3,4,0.07448249102972336,0.07853189893980385,True,0.3056354782111768,0.29118461115915373,0.030566128369878678,0.0881181467145399,0.11846502432081338,0.16603061122443755,178,2,1.1235955056179776,0.11871345029239766,,0,76,90,12,0,0,77,88,13,0
1,C1_R09,Seismic,Asset Vulnerability,down,3,2,0.07448249102972336,0.06589847145801865,True,0.27616973577896375,0.3004415804391579,0.030869736154946356,0.08823225531432027,0.12403330377359659,0.18025338853901518,178,3,1.6853932584269662,0.2131578947368421,,0,76,90,12,0,0,77,87,14,0
1,C1_R10,Seismic,Asset Vulnerability,up,3,4,0.07448249102972336,0.08469812987239389,True,0.3069290123243778,0.2881320198431748,0.03036262228214675,0.08777896990165335,0.12358001836092966,0.16321735728771763,178,1,0.5617977528089888,0.024269005847953218,,0,76,90,12,0,0,77,89,12,0
1,C1_R11,Wildfire,Flood,down,7,6,0.07448249102972336,0.0783504540163731,True,0.29479823137820865,0.28905110494142705,0.03202191145997165,0.08891893063209205,0.12471997909136837,0.17048984249693228,178,0,0.0,0.0,,0,76,90,12,0,0,76,90,12,0
1,C1_R12,Wildfire,Flood,up,7,8,0.07448249102972336,0.0718560996371047,True,0.29290450930885287,0.29828085339487437,0.02954586595131681,0.0872989370069465,0.1230999854662228,0.16886984887178672,178,0,0.0,0.0,,0,76,90,12,0,0,76,90,12,0
1,C1_R13,Wildfire,Soil Erosion,down,3,2,0.07448249102972336,0.08364129260745709,True,0.29429018717106287,0.2806289849852705,0.030459643270406685,0.0966320122514766,0.12610965445810973,0.17187951786367364,178,1,0.5617977528089888,0.09444444444444444,,0,76,90,12,0,0,76,91,11,0
1,C1_R14,Wildfire,Soil Erosion,up,3,4,0.07448249102972336,0.07198867354319595,True,0.29263284416031,0.3043699333621879,0.03066267723662243,0.08314672019525583,0.12170898082002995,0.16747884422559386,178,2,1.1235955056179776,0.18888888888888888,,0,76,90,12,0,0,76,88,14,0
1,C1_R15,Wildfire,Landslide,down,3,2,0.07448249102972336,0.07435872543247483,True,0.2961645665096464,0.2786820490271289,0.030584601892978923,0.08775703154437454,0.1330578538236141,0.17375389720225715,178,1,0.5617977528089888,0.09444444444444444,,0,76,90,12,0,0,76,91,11,0
1,C1_R16,Wildfire,Landslide,up,3,4,0.07448249102972336,0.07853189893980385,True,0.29118461115915373,0.3056354782111768,0.030566128369878678,0.0881181467145399,0.11846502432081338,0.16603061122443755,178,3,1.6853932584269662,0.2131578947368421,,0,76,90,12,0,0,77,87,14,0
1,C1_R17,Wildfire,Asset Vulnerability,down,3,2,0.07448249102972336,0.06589847145801865,True,0.3004415804391579,0.27616973577896375,0.030869736154946356,0.08823225531432027,0.12403330377359659,0.18025338853901518,178,2,1.1235955056179776,0.18888888888888888,,0,76,90,12,0,0,76,92,10,0
1,C1_R18,Wildfire,Asset Vulnerability,up,3,4,0.07448249102972336,0.08469812987239389,True,0.2881320198431748,0.3069290123243778,0.03036262228214675,0.08777896990165335,0.12358001836092966,0.16321735728771763,178,4,2.247191011235955,0.23742690058479532,,0,76,90,12,0,0,78,86,14,0
1,C1_R19,Flood,Soil Erosion,down,1/5,1/6,0.07448249102972336,0.08232737987840102,True,0.29269737467133844,0.29269737467133844,0.030039408976505404,0.09260623621379654,0.12309487103072864,0.16886473443629252,178,0,0.0,0.0,,0,76,90,12,0,0,76,90,12,0
1,C1_R20,Flood,Soil Erosion,up,1/5,1/4,0.07448249102972336,0.06708590193616101,True,0.29505401663895914,0.29505401663895914,0.03144514077396561,0.08325706594889394,0.12470994829682913,0.170479811702393,178,0,0.0,0.0,,0,76,90,12,0,0,76,90,12,0
1,C1_R21,Flood,Landslide,down,1/5,1/6,0.07448249102972336,0.07766851522418416,True,0.2927521721944904,0.2927521721944904,0.02993590254388505,0.08721467059356616,0.12842555051412352,0.16891953195944448,178,0,0.0,0.0,,0,76,90,12,0,0,76,90,12,0
1,C1_R22,Flood,Landslide,up,1/5,1/4,0.07448249102972336,0.07245017417793498,True,0.2949726955189525,0.2949726955189525,0.03159819012315825,0.08902692088838239,0.11903100736816803,0.17039849058238637,178,0,0.0,0.0,,0,76,90,12,0,0,76,90,12,0
1,C1_R23,Flood,Asset Vulnerability,down,1/5,1/6,0.07448249102972336,0.07369852747658674,True,0.2928719442059668,0.2928719442059668,0.02976376801559464,0.08722797859484131,0.12302902705411763,0.17423533792351287,178,0,0.0,0.0,,0,76,90,12,0,0,76,90,12,0
1,C1_R24,Flood,Asset Vulnerability,up,1/5,1/4,0.07448249102972336,0.07712920712872988,True,0.29479552816408705,0.29479552816408705,0.031851608970311446,0.08900723562673069,0.12480828408600698,0.1647418149887768,178,1,0.5617977528089888,0.024269005847953218,,0,76,90,12,0,0,77,89,12,0
1,C1_R25,Soil Erosion,Landslide,down,1/3,1/4,0.07448249102972336,0.09032973602630445,True,0.2915669745411802,0.2915669745411802,0.03048156934651639,0.08591779005519252,0.1330907801488646,0.16737591136706614,178,0,0.0,0.0,,0,76,90,12,0,0,76,90,12,0
1,C1_R26,Soil Erosion,Landslide,up,1/3,1/2,0.07448249102972336,0.05937215311313097,True,0.29622139550338716,0.29622139550338716,0.030791864077330186,0.09164282420353032,0.11309218838309214,0.17203033232927312,178,1,0.5617977528089888,0.09444444444444444,,0,76,90,12,0,0,76,89,13,0
1,C1_R27,Soil Erosion,Asset Vulnerability,down,1/3,1/4,0.07448249102972336,0.08236435843095452,True,0.29186894567929866,0.29186894567929866,0.03050170075572429,0.08549598299438244,0.12130312429082798,0.178961300600468,178,0,0.0,0.0,,0,76,90,12,0,0,76,90,12,0
1,C1_R28,Soil Erosion,Asset Vulnerability,up,1/3,1/2,0.07448249102972336,0.06953702007601563,True,0.2956421198376667,0.2956421198376667,0.03075324569961549,0.0924402209038835,0.1268533338210851,0.15866895990008256,178,1,0.5617977528089888,0.024269005847953218,,0,76,90,12,0,0,77,89,12,0
1,C1_R29,Landslide,Asset Vulnerability,down,1/3,1/4,0.07448249102972336,0.08976339746846107,True,0.29042071267814235,0.29042071267814235,0.030405151888980533,0.08771229018533792,0.12081428711993998,0.18022684544945689,178,0,0.0,0.0,,0,76,90,12,0,0,76,90,12,0
1,C1_R30,Landslide,Asset Vulnerability,up,1/3,1/2,0.07448249102972336,0.05992990398855784,True,0.2975164991762502,0.2975164991762502,0.030878204322187727,0.08850071090734991,0.12886606247602098,0.15672202394194096,178,1,0.5617977528089888,0.024269005847953218,,0,76,90,12,0,0,77,89,12,0
2,C2_R01,Seismic,Wildfire,down,3,2,0.0848647816082111,0.0752841539026279,True,0.23374332469073256,0.15222519769890164,0.03752814048791195,0.03752814048791195,0.45713515996380233,0.08184003667073962,41,0,0.0,0.0,,0,3,28,10,0,0,3,28,10,0
2,C2_R02,Seismic,Wildfire,up,3,4,0.0848647816082111,0.09622456133921241,True,0.2585726986575343,0.14292600294721186,0.036943438322017325,0.036943438322017325,0.4437826224676702,0.08083179928354903,41,1,2.4390243902439024,0.13571428571428573,,0,3,28,10,0,0,3,29,9,0
2,C2_R03,Seismic,Flood,down,7,6,0.0848647816082111,0.08514935540026318,True,0.24231048233205238,0.14796383666667887,0.03808900317821462,0.037509091324816335,0.45193569656409466,0.0821918899341432,41,0,0.0,0.0,,0,3,28,10,0,0,3,28,10,0
2,C2_R04,Seismic,Flood,up,7,8,0.0848647816082111,0.08537058751869006,True,0.2523147706936842,0.1451150245746624,0.03651309927707305,0.036950697736726476,0.4486238050389205,0.08048260267893333,41,0,0.0,0.0,,0,3,28,10,0,0,3,28,10,0
2,C2_R05,Seismic,Soil Erosion,down,7,6,0.0848647816082111,0.08514935540026318,True,0.24231048233205238,0.14796383666667887,0.037509091324816335,0.03808900317821462,0.45193569656409466,0.0821918899341432,41,0,0.0,0.0,,0,3,28,10,0,0,3,28,10,0
2,C2_R06,Seismic,Soil Erosion,up,7,8,0.0848647816082111,0.08537058751869006,True,0.2523147706936842,0.1451150245746624,0.036950697736726476,0.03651309927707305,0.4486238050389205,0.08048260267893333,41,0,0.0,0.0,,0,3,28,10,0,0,3,28,10,0
2,C2_R07,Seismic,Landslide,down,1/5,1/6,0.0848647816082111,0.09707493197334689,True,0.2417214515042737,0.14575865613185052,0.03699996263950606,0.03699996263950606,0.45752394909759453,0.08099601798726919,41,0,0.0,0.0,,0,3,28,10,0,0,3,28,10,0
2,C2_R08,Seismic,Landslide,up,1/5,1/4,0.0848647816082111,0.07249798631739461,True,0.2555770535010179,0.14742600380656268,0.037493201240067504,0.037493201240067504,0.4403239881842293,0.0816865520280552,41,1,2.4390243902439024,0.13571428571428573,,0,3,28,10,0,0,3,29,9,0
2,C2_R09,Seismic,Asset Vulnerability,down,5,4,0.0848647816082111,0.0801401520015179,True,0.2393127722600276,0.1489176761602572,0.03747105420587045,0.03747105420587045,0.4535152664306276,0.08331217673734674,41,0,0.0,0.0,,0,3,28,10,0,0,3,28,10,0
2,C2_R10,Seismic,Asset Vulnerability,up,5,6,0.0848647816082111,0.09039099836279306,True,0.25466004365550304,0.14434652791239025,0.03699468027000279,0.03699468027000279,0.4472210058677868,0.07978306202431439,41,1,2.4390243902439024,0.13571428571428573,,0,3,28,10,0,0,3,29,9,0
2,C2_R11,Wildfire,Flood,down,5,4,0.0848647816082111,0.08288430476441082,True,0.24937936445264788,0.14065829495808507,0.038355526563853985,0.03750373780746557,0.45192334854374683,0.08217972767420068,41,3,7.317073170731708,0.40714285714285714,,0,3,28,10,0,0,3,31,7,0
2,C2_R12,Wildfire,Flood,up,5,6,0.0848647816082111,0.08797088299256496,True,0.2457604598074275,0.15181914316813241,0.03638056106768311,0.03695329875382286,0.44859715481137474,0.08048938239155944,41,0,0.0,0.0,,0,3,28,10,0,0,3,28,10,0
2,C2_R13,Wildfire,Soil Erosion,down,5,4,0.0848647816082111,0.08288430476441082,True,0.24937936445264788,0.14065829495808507,0.03750373780746557,0.038355526563853985,0.45192334854374683,0.08217972767420068,41,3,7.317073170731708,0.40714285714285714,,0,3,28,10,0,0,3,31,7,0
2,C2_R14,Wildfire,Soil Erosion,up,5,6,0.0848647816082111,0.08797088299256496,True,0.2457604598074275,0.15181914316813241,0.03695329875382286,0.03638056106768311,0.44859715481137474,0.08048938239155944,41,0,0.0,0.0,,0,3,28,10,0,0,3,28,10,0
2,C2_R15,Wildfire,Landslide,down,1/5,1/6,0.0848647816082111,0.08990224016145422,True,0.24306045436602916,0.14220613294980783,0.03712744828762932,0.03712744828762932,0.4593891028734986,0.0810894132354058,41,0,0.0,0.0,,0,3,28,10,0,0,3,28,10,0
2,C2_R16,Wildfire,Landslide,up,1/5,1/4,0.0848647816082111,0.08069181216647434,True,0.25295382542119554,0.1522916518471959,0.0372853046828593,0.0372853046828593,0.4386838468222241,0.08150006654366591,41,0,0.0,0.0,,0,3,28,10,0,0,3,28,10,0
2,C2_R17,Wildfire,Asset Vulnerability,down,3,2,0.0848647816082111,0.0768060033755491,True,0.2508209909422609,0.13649358645270895,0.03743881564429323,0.03743881564429323,0.4529634584478569,0.08484433286858686,41,3,7.317073170731708,0.40714285714285714,,0,3,28,10,0,0,3,31,7,0
2,C2_R18,Wildfire,Asset Vulnerability,up,3,4,0.0848647816082111,0.09497478775048011,True,0.2443452915454056,0.15509267437214502,0.037007102351169545,0.037007102351169545,0.4473600397160284,0.07918778966408191,41,0,0.0,0.0,,0,3,28,10,0,0,3,28,10,0
2,C2_R19,Flood,Soil Erosion,down,1,1/2,0.0848647816082111,0.09420432756914775,True,0.24661821002835968,0.14583240427408536,0.033543185017566646,0.043755950975013454,0.4493372192063878,0.0809130304985871,41,0,0.0,0.0,,0,3,28,10,0,0,3,28,10,0
2,C2_R20,Flood,Soil Erosion,up,1,2,0.0848647816082111,0.09420432756914775,True,0.24661821002835968,0.14583240427408536,0.043755950975013454,0.033543185017566646,0.4493372192063878,0.0809130304985871,41,0,0.0,0.0,,0,3,28,10,0,0,3,28,10,0
2,C2_R21,Flood,Landslide,down,1/7,1/8,0.0848647816082111,0.08056406972129056,True,0.24575292502339363,0.14526262754335098,0.03546886856472613,0.03706224013897724,0.45581457668746767,0.0806387620420844,41,0,0.0,0.0,,0,3,28,10,0,0,3,28,10,0
2,C2_R22,Flood,Landslide,up,1/7,1/6,0.0848647816082111,0.09082358354198744,True,0.24942149350851828,0.14777177573862058,0.039441943608432846,0.03736380562007042,0.444012491576859,0.0819884899474989,41,0,0.0,0.0,,0,3,28,10,0,0,3,28,10,0
2,C2_R23,Flood,Asset Vulnerability,down,1/3,1/4,0.0848647816082111,0.09270466643313471,True,0.24590860639322415,0.14528843878331138,0.03601079424049501,0.036963175192875966,0.44862761557125225,0.08720136981884131,41,0,0.0,0.0,,0,3,28,10,0,0,3,28,10,0
2,C2_R24,Flood,Asset Vulnerability,up,1/3,1/2,0.0848647816082111,0.07973958857955,True,0.24900349554575862,0.14760914039077408,0.03935133905636958,0.037478679880339615,0.4517225047237867,0.07483484040297139,41,1,2.4390243902439024,0.13571428571428573,,0,3,28,10,0,0,3,29,9,0
2,C2_R25,Soil Erosion,Landslide,down,1/7,1/8,0.0848647816082111,0.08056406972129056,True,0.24575292502339363,0.14526262754335098,0.03706224013897724,0.03546886856472613,0.45581457668746767,0.0806387620420844,41,0,0.0,0.0,,0,3,28,10,0,0,3,28,10,0
2,C2_R26,Soil Erosion,Landslide,up,1/7,1/6,0.0848647816082111,0.09082358354198744,True,0.24942149350851828,0.14777177573862058,0.03736380562007042,0.039441943608432846,0.444012491576859,0.0819884899474989,41,0,0.0,0.0,,0,3,28,10,0,0,3,28,10,0
2,C2_R27,Soil Erosion,Asset Vulnerability,down,1/3,1/4,0.0848647816082111,0.09270466643313471,True,0.24590860639322415,0.14528843878331138,0.036963175192875966,0.03601079424049501,0.44862761557125225,0.08720136981884131,41,0,0.0,0.0,,0,3,28,10,0,0,3,28,10,0
2,C2_R28,Soil Erosion,Asset Vulnerability,up,1/3,1/2,0.0848647816082111,0.07973958857955,True,0.24900349554575862,0.14760914039077408,0.037478679880339615,0.03935133905636958,0.4517225047237867,0.07483484040297139,41,1,2.4390243902439024,0.13571428571428573,,0,3,28,10,0,0,3,29,9,0
2,C2_R29,Landslide,Asset Vulnerability,down,5,4,0.0848647816082111,0.08860932964249968,True,0.25122920797586334,0.14852038376509885,0.03717033018650382,0.03717033018650382,0.4399267133024893,0.08598303458354091,41,0,0.0,0.0,,0,3,28,10,0,0,3,28,10,0
2,C2_R30,Landslide,Asset Vulnerability,up,5,6,0.0848647816082111,0.08333099397814821,True,0.24421977399157108,0.14462459793856478,0.03720473626266545,0.03720473626266545,0.45884944478216966,0.07789671076236362,41,0,0.0,0.0,,0,3,28,10,0,0,3,28,10,0
3,C3_R01,Seismic,Wildfire,down,1,1/2,0.04836440910614476,0.06057640403718987,True,0.13456171462199962,0.147096798585655,0.04016332893753427,0.12961428110313752,0.47876969273571396,0.06979418401595969,31,2,6.451612903225806,0.40336134453781514,,2,5,17,7,0,2,5,15,9,0
3,C3_R02,Seismic,Wildfire,up,1,2,0.04836440910614476,0.05384363302976282,True,0.1621047620943237,0.11933842364906122,0.03976060838273801,0.12971186763246373,0.47925762538234495,0.06982671285906841,31,0,0.0,0.0,,2,5,17,7,0,2,5,17,7,0
3,C3_R03,Seismic,Flood,down,5,4,0.04836440910614476,0.04602863505875866,True,0.1393906043329975,0.13145409639648956,0.04148948005564101,0.13145409639648956,0.4850827663164713,0.07112895650191109,31,0,0.0,0.0,,2,5,17,7,0,2,5,17,7,0
3,C3_R04,Seismic,Flood,up,5,6,0.04836440910614476,0.051761275840730536,True,0.15131320086563052,0.12957407043084793,0.03921295385489759,0.12957407043084793,0.481203685487573,0.06912201893020307,31,0,0.0,0.0,,2,5,17,7,0,2,5,17,7,0
3,C3_R05,Seismic,Soil Erosion,down,1,1/2,0.04836440910614476,0.06057640403718987,True,0.13456171462199962,0.12961428110313752,0.04016332893753427,0.147096798585655,0.47876969273571396,0.06979418401595969,31,0,0.0,0.0,,2,5,17,7,0,2,5,17,7,0
3,C3_R06,Seismic,Soil Erosion,up,1,2,0.04836440910614476,0.05384363302976282,True,0.1621047620943237,0.12971186763246373,0.03976060838273801,0.11933842364906122,0.47925762538234495,0.06982671285906841,31,2,6.451612903225806,0.40336134453781514,,2,5,17,7,0,2,5,15,9,0
3,C3_R07,Seismic,Landslide,down,1/5,1/6,0.04836440910614476,0.053285190538043814,True,0.14097850539355472,0.12873638342574698,0.039984790228745556,0.12873638342574698,0.4918627218312787,0.06970121569492707,31,0,0.0,0.0,,2,5,17,7,0,2,5,17,7,0
3,C3_R08,Seismic,Landslide,up,1/5,1/4,0.04836440910614476,0.04412576189122311,True,0.1519809205767825,0.13264780446947286,0.04039166886539946,0.13264780446947286,0.4718134157620809,0.07051838585679145,31,0,0.0,0.0,,2,5,17,7,0,2,5,17,7,0
3,C3_R09,Seismic,Asset Vulnerability,down,3,2,0.04836440910614476,0.044585775486694214,True,0.13591009116151812,0.13238648298674716,0.040358558973823844,0.13238648298674716,0.4850472845602333,0.07391109933093046,31,0,0.0,0.0,,2,5,17,7,0,2,5,17,7,0
3,C3_R10,Seismic,Asset Vulnerability,up,3,4,0.04836440910614476,0.05521411595353271,True,0.15403738149374865,0.12868178470958044,0.03999730607681481,0.12868178470958044,0.480762046615311,0.06783969639496466,31,0,0.0,0.0,,2,5,17,7,0,2,5,17,7,0
3,C3_R11,Wildfire,Flood,down,3,2,0.04836440910614476,0.05481566028058214,True,0.14707804183888273,0.12326851802935894,0.04356506697749671,0.13120502596586686,0.4838374141633579,0.07104593302503685,31,0,0.0,0.0,,2,5,17,7,0,2,5,17,7,0
3,C3_R12,Wildfire,Flood,up,3,4,0.04836440910614476,0.04745487935051266,True,0.14417693741416754,0.13693056060257333,0.038295342520470864,0.12968418379097912,0.481754252288229,0.06915872338358015,31,0,0.0,0.0,,2,5,17,7,0,2,5,17,7,0
3,C3_R13,Wildfire,Soil Erosion,down,1,1/2,0.04836440910614476,0.056911150691676266,True,0.14482513885171078,0.11946954206754257,0.039909945467555975,0.14691500301054045,0.4790664057210045,0.06981396488164572,31,0,0.0,0.0,,2,5,17,7,0,2,5,17,7,0
3,C3_R14,Wildfire,Soil Erosion,up,1,2,0.04836440910614476,0.056911150691676266,True,0.14482513885171078,0.14691500301054045,0.039909945467555975,0.11946954206754257,0.4790664057210045,0.06981396488164572,31,2,6.451612903225806,0.40336134453781514,,2,5,17,7,0,2,5,15,9,0
3,C3_R15,Wildfire,Landslide,down,1/5,1/6,0.04836440910614476,0.05224925024778197,True,0.14394724117432023,0.1258863328390977,0.03973140675876726,0.1287957260228051,0.4919182966443966,0.0697209965606131,31,0,0.0,0.0,,2,5,17,7,0,2,5,17,7,0
3,C3_R16,Wildfire,Landslide,up,1/5,1/4,0.04836440910614476,0.045296615817021366,True,0.14771503701969163,0.136745122823971,0.040709260505675304,0.1325635218681765,0.47177676612612623,0.07049029165635932,31,0,0.0,0.0,,2,5,17,7,0,2,5,17,7,0
3,C3_R17,Wildfire,Asset Vulnerability,down,3,2,0.04836440910614476,0.04284816379089825,True,0.1475493153131896,0.12076989318493025,0.04031244311514699,0.13239780016167443,0.48510387043486974,0.07386667779018898,31,0,0.0,0.0,,2,5,17,7,0,2,5,17,7,0
3,C3_R18,Wildfire,Asset Vulnerability,up,3,4,0.04836440910614476,0.05646257269042124,True,0.14382739048076967,0.13887995696190758,0.0400210184004011,0.1286758753292545,0.48073249971368137,0.06786325911398575,31,2,6.451612903225806,0.40336134453781514,,2,5,17,7,0,2,5,15,9,0
3,C3_R19,Flood,Soil Erosion,down,1/3,1/4,0.04836440910614476,0.04745487935051266,True,0.14417693741416754,0.12968418379097912,0.038295342520470864,0.13693056060257333,0.481754252288229,0.06915872338358015,31,0,0.0,0.0,,2,5,17,7,0,2,5,17,7,0
3,C3_R20,Flood,Soil Erosion,up,1/3,1/2,0.04836440910614476,0.05481566028058214,True,0.14707804183888273,0.13120502596586686,0.04356506697749671,0.12326851802935894,0.4838374141633579,0.07104593302503685,31,0,0.0,0.0,,2,5,17,7,0,2,5,17,7,0
3,C3_R21,Flood,Landslide,down,1/7,1/8,0.04836440910614476,0.04405428871861249,True,0.1441493854877007,0.1296566318645123,0.038418838860414944,0.1296566318645123,0.488862869467489,0.06925564245537072,31,0,0.0,0.0,,2,5,17,7,0,2,5,17,7,0
3,C3_R22,Flood,Landslide,up,1/7,1/6,0.04836440910614476,0.05430741971550152,True,0.14723317633862493,0.13136016046560905,0.04241075294812859,0.13136016046560905,0.47667657872556085,0.07095917105646748,31,0,0.0,0.0,,2,5,17,7,0,2,5,17,7,0
3,C3_R23,Flood,Asset Vulnerability,down,1/3,1/4,0.04836440910614476,0.06129815778019095,True,0.14416842051050915,0.12967566688732074,0.03896028203004981,0.12967566688732074,0.48111770245751134,0.07640226122728822,31,0,0.0,0.0,,2,5,17,7,0,2,5,17,7,0
3,C3_R24,Flood,Asset Vulnerability,up,1/3,1/2,0.04836440910614476,0.037097898870135586,True,0.1470902554053052,0.13121723953228934,0.04229451680382658,0.13121723953228934,0.48506725244895316,0.06311349627733641,31,0,0.0,0.0,,2,5,17,7,0,2,5,17,7,0
3,C3_R25,Soil Erosion,Landslide,down,1/5,1/6,0.04836440910614476,0.05224925024778197,True,0.14394724117432023,0.1287957260228051,0.03973140675876726,0.1258863328390977,0.4919182966443966,0.0697209965606131,31,0,0.0,0.0,,2,5,17,7,0,2,5,17,7,0
3,C3_R26,Soil Erosion,Landslide,up,1/5,1/4,0.04836440910614476,0.045296615817021366,True,0.14771503701969163,0.1325635218681765,0.040709260505675304,0.136745122823971,0.47177676612612623,0.07049029165635932,31,0,0.0,0.0,,2,5,17,7,0,2,5,17,7,0
3,C3_R27,Soil Erosion,Asset Vulnerability,down,3,2,0.04836440910614476,0.04284816379089825,True,0.1475493153131896,0.13239780016167443,0.04031244311514699,0.12076989318493025,0.48510387043486974,0.07386667779018898,31,2,6.451612903225806,0.40336134453781514,,2,5,17,7,0,2,5,15,9,0
3,C3_R28,Soil Erosion,Asset Vulnerability,up,3,4,0.04836440910614476,0.05646257269042124,True,0.14382739048076967,0.1286758753292545,0.0400210184004011,0.13887995696190758,0.48073249971368137,0.06786325911398575,31,0,0.0,0.0,,2,5,17,7,0,2,5,17,7,0
3,C3_R29,Landslide,Asset Vulnerability,down,5,4,0.04836440910614476,0.054658387478108854,True,0.14748170109373693,0.13233018594222176,0.04012592069078847,0.13233018594222176,0.4731378923608622,0.07459411397016892,31,0,0.0,0.0,,2,5,17,7,0,2,5,17,7,0
3,C3_R30,Landslide,Asset Vulnerability,up,5,6,0.04836440910614476,0.04483576625679965,True,0.1439401803405299,0.12878866518901477,0.04017270887066265,0.12878866518901477,0.49150053064513566,0.06680924976564226,31,0,0.0,0.0,,2,5,17,7,0,2,5,17,7,0
