Cluster,Criterion,Valid_Runs,Mean_OCR_Chen,Max_OCR_Chen,Mean_Class_Change_Pct,Max_Class_Change_Pct
1,Seismic,10,0.11865497076023392,0.33187134502923976,1.0112359550561798,2.808988764044944
1,Wildfire,10,0.16345029239766082,0.33187134502923976,1.2359550561797754,2.808988764044944
1,Flood,10,0.0024269005847953216,0.024269005847953218,0.05617977528089888,0.5617977528089888
1,Soil Erosion,10,0.05909356725146199,0.18888888888888888,0.39325842696629215,1.1235955056179776
1,Landslide,10,0.05692982456140351,0.2131578947368421,0.5056179775280899,1.6853932584269662
1,Asset Vulnerability,10,0.07365497076023392,0.23742690058479532,0.7303370786516854,2.247191011235955
2,Seismic,10,0.04071428571428572,0.13571428571428573,0.7317073170731707,2.4390243902439024
2,Wildfire,10,0.1357142857142857,0.40714285714285714,2.4390243902439024,7.317073170731708
2,Flood,10,0.054285714285714284,0.40714285714285714,0.975609756097561,7.317073170731708
2,Soil Erosion,10,0.054285714285714284,0.40714285714285714,0.975609756097561,7.317073170731708
2,Landslide,10,0.013571428571428573,0.13571428571428573,0.24390243902439024,2.4390243902439024
2,Asset Vulnerability,10,0.08142857142857143,0.40714285714285714,1.4634146341463414,7.317073170731708
3,Seismic,10,0.08067226890756303,0.40336134453781514,1.2903225806451613,6.451612903225806
3,Wildfire,10,0.12100840336134454,0.40336134453781514,1.9354838709677418,6.451612903225806
3,Flood,10,0.0,0.0,0.0,0.0
3,Soil Erosion,10,0.12100840336134454,0.40336134453781514,1.9354838709677418,6.451612903225806
3,Landslide,10,0.0,0.0,0.0,0.0
3,Asset Vulnerability,10,0.08067226890756303,0.40336134453781514,1.2903225806451613,6.451612903225806
