Site_ID,Site,Region,Location,Source,Cluster_3,Material_general,Exposure_class,PGA_SC,DEN_SC,MAG_SC,DEP_SC,FLT_SC,SEIS_AVG,SEIS_SCR,FLOOD_SCR,FWI_SCR,ELSUS_SCR,RUSLE_SCR,ASSET_SCR,WLC_RISK3,RISK_CL3,Gi_Bin_3,GiZScore,GiPValue,gi_class,SUM_Changed_Num,MC_MEAN3,MC_SD3,MC_CV3,MC_MIN3,MC_MAX3,MC_STAB3,ALL_RISK,ALL_CLASS,RISK_DIFF,ABS_DIFF,CLASS_SHIFT
SITE_0001,Ahtopol Fortress,Burgas,Ahtopol,"NIICH, 2021",1,Mortared stone masonry,1,1,1,3,5,1,2.2,3,1,3,5,,1,2.83243,Low,-3,-3.698726,0.000216684505,Cold spot with 99% confidence,0,2.834379,0.026882,0.9484,2.760028,2.89662,100,3.204249,Low,-0.371819,0.371819,0
SITE_0002,Kozareva Mogila,Burgas,Beronovo,"NIICH, 2021",1,Earthwork (earthen burial mound),2,1,1,3,7,9,4.2,5,1,3,3,3,7,4.205103,Moderate,-3,-3.153425,0.001613668059,Cold spot with 99% confidence,0,4.203807,0.038214,0.909,4.086546,4.321053,100,3.943587,Low,0.261516,0.261516,1
SITE_0003,Poros Fortress,Burgas,Burgas,"Bulgarian Castles, n.d.",1,Mortared stone masonry,1,1,1,3,5,7,3.4,3,5,3,5,,1,2.966804,Low,-3,-3.835347,0.000125387296,Cold spot with 99% confidence,0,2.968474,0.026963,0.9083,2.901746,3.034958,100,3.370649,Low,-0.403845,0.403845,0
SITE_0004,Cape Akra settlement,Burgas,Chernomorets,"NIICH, 2021",1,Mortared stone masonry,1,1,1,3,5,5,3,3,1,3,,,1,2.491634,Low,-3,-3.577387,0.000347045689,Cold spot with 99% confidence,0,2.492071,0.024382,0.9784,2.427292,2.5523,100,2.533843,Low,-0.042209,0.042209,0
SITE_0005,Deultum,Burgas,Debelt,"NIICH, 2021",1,Mortared stone masonry,1,1,1,3,5,9,3.8,3,5,5,1,,1,3.067836,Low,-3,-3.705407,0.000211051599,Cold spot with 99% confidence,0,3.066703,0.044294,1.4443,2.950443,3.181877,100,2.826965,Low,0.240872,0.240872,0
SITE_0006,Gornoto Gradishte,Burgas,Debelt,"NIICH, 2021",1,Mortared stone masonry,1,1,1,3,5,9,3.8,3,5,5,1,3,1,3.06186,Low,-3,-3.405771,0.000659775088,Cold spot with 99% confidence,0,3.06085,0.040437,1.3211,2.954857,3.166557,100,2.837128,Low,0.224733,0.224733,0
SITE_0007,Antimovo Fortress,Burgas,Ekzarh Antimovo,"NIICH, 2021",1,Mortared stone masonry,1,3,1,3,9,9,5,5,1,7,5,7,1,4.962704,Moderate,0,-0.766232,0.443538155935,Not statistically significant,0,4.964086,0.052091,1.0494,4.82971,5.090511,100,4.990223,Moderate,-0.027519,0.027519,0
SITE_0008,Poros Fortress wall,Burgas,Foros Peninsula,"ARIADNE Research Infrastructure, n.d.",1,Mortared stone masonry,1,1,1,3,5,7,3.4,3,7,3,,,1,2.724886,Low,-3,-4.315181,0.000015947254,Cold spot with 99% confidence,0,2.725035,0.024961,0.916,2.657342,2.790581,100,2.876627,Low,-0.151741,0.151741,0
SITE_0009,Dolmen Dragon house,Burgas,Granichar,"NIICH, 2021",1,Dry stone masonry,3,1,1,3,5,5,3,3,1,3,5,1,5,3.349664,Low,-3,-3.391736,0.000694512295,Cold spot with 99% confidence,0,3.349991,0.024162,0.7213,3.283693,3.42205,100,3.557154,Low,-0.20749,0.20749,0
SITE_0010,Urdoviza Fortress,Burgas,Kiten,"NIICH, 2021",1,Mortared stone masonry,1,1,1,3,5,3,2.6,3,1,3,7,,1,3.104158,Low,-3,-3.391736,0.000694512295,Cold spot with 99% confidence,0,3.107342,0.038443,1.2372,3.015815,3.197827,100,3.747933,Low,-0.643775,0.643775,0
SITE_0011,Gradishte Fortress II,Burgas,Lozarevo,"NIICH, 2021; ARIADNE Research Infrastructure, n.d.",1,Mortared stone masonry,1,3,1,3,7,9,4.6,5,1,3,9,5,1,4.106672,Moderate,0,0.053586,0.957265201251,Not statistically significant,0,4.11068,0.052876,1.2863,3.973454,4.262342,98.7,4.872753,Moderate,-0.766081,0.766081,0
SITE_0012,Mishkova Niva,Burgas,Malko Tarnovo,"NIICH, 2021",2,Mortared mixed masonry (stone + brick),1,1,3,3,5,3,3,3,1,3,5,1,3,3.751618,Low,-3,-3.006725,0.00264078927,Cold spot with 99% confidence,0,3.750545,0.0366,0.9759,3.662954,3.839385,100,3.315968,Low,0.43565,0.43565,0
SITE_0013,Necropolis City of the dead,Burgas,Malko Tarnovo,"NIICH, 2021",1,Earthwork (earthen burial mound),3,1,3,3,5,3,3,3,1,3,7,1,7,3.936783,Low,-3,-3.006725,0.00264078927,Cold spot with 99% confidence,0,3.937594,0.044418,1.128,3.816863,4.064838,91.7,4.31009,Moderate,-0.373307,0.373307,-1
SITE_0014,Golyamoto Kale,Burgas,Mladezhko,"ARIADNE Research Infrastructure, n.d.",1,Mortared stone masonry,1,1,1,3,5,7,3.4,3,1,5,3,1,1,3.010926,Low,-3,-3.11223,0.001856797208,Cold spot with 99% confidence,0,3.010978,0.040442,1.3431,2.91553,3.110132,100,3.074782,Low,-0.063857,0.063857,0
SITE_0015,Church of Christ Pantokrator,Burgas,Nessebar,"NIICH, 2021",1,Mortared mixed masonry (stone + brick),1,1,1,3,5,9,3.8,3,1,3,,,3,2.922249,Low,-3,-3.997255,0.000064081287,Cold spot with 99% confidence,0,2.922345,0.005213,0.1784,2.908151,2.933891,100,2.885739,Low,0.036511,0.036511,0
SITE_0016,Church of St. John Aliturgetos,Burgas,Nessebar,"NIICH, 2021",1,Mortared mixed masonry (stone + brick),1,1,1,3,5,9,3.8,3,1,3,,,3,2.922249,Low,-3,-3.997255,0.000064081287,Cold spot with 99% confidence,0,2.922345,0.005213,0.1784,2.908151,2.933891,100,2.885739,Low,0.036511,0.036511,0
SITE_0017,Church of St. John the Baptist,Burgas,Nessebar,"NIICH, 2021",1,Mortared mixed masonry (stone + brick),1,1,1,3,5,9,3.8,3,1,3,,,3,2.922249,Low,-3,-4.083935,0.000044279461,Cold spot with 99% confidence,0,2.922345,0.005213,0.1784,2.908151,2.933891,100,2.885739,Low,0.036511,0.036511,0
SITE_0018,Church of St. Paraskeva,Burgas,Nessebar,"NIICH, 2021; ARIADNE Research Infrastructure, n.d.",1,Mortared mixed masonry (stone + brick),1,1,1,3,5,9,3.8,3,1,3,,,3,2.922249,Low,-3,-4.083935,0.000044279461,Cold spot with 99% confidence,0,2.922345,0.005213,0.1784,2.908151,2.933891,100,2.885739,Low,0.036511,0.036511,0
SITE_0019,Church of St. Stefan,Burgas,Nessebar,"NIICH, 2021; ARIADNE Research Infrastructure, n.d.",1,Mortared mixed masonry (stone + brick),1,1,1,3,5,9,3.8,3,1,3,,,3,2.922249,Low,-3,-3.997255,0.000064081287,Cold spot with 99% confidence,0,2.922345,0.005213,0.1784,2.908151,2.933891,100,2.885739,Low,0.036511,0.036511,0
SITE_0020,Church of St. Theodore,Burgas,Nessebar,"NIICH, 2021; ARIADNE Research Infrastructure, n.d.",1,Mortared mixed masonry (stone + brick),1,1,1,3,5,7,3.4,3,1,3,,,3,2.922249,Low,-3,-4.083935,0.000044279461,Cold spot with 99% confidence,0,2.922345,0.005213,0.1784,2.908151,2.933891,100,2.885739,Low,0.036511,0.036511,0
SITE_0021,Church of St. Vlahara,Burgas,Nessebar,"Google, n.d.",1,Mortared mixed masonry (stone + brick),1,1,1,3,5,9,3.8,3,1,3,,,3,2.922249,Low,-3,-4.083935,0.000044279461,Cold spot with 99% confidence,0,2.922345,0.005213,0.1784,2.908151,2.933891,100,2.885739,Low,0.036511,0.036511,0
SITE_0022,Church of the Holy Archangels,Burgas,Nessebar,"NIICH, 2021",1,Mortared mixed masonry (stone + brick),1,1,1,3,5,9,3.8,3,1,3,,,3,2.922249,Low,-3,-4.083935,0.000044279461,Cold spot with 99% confidence,0,2.922345,0.005213,0.1784,2.908151,2.933891,100,2.885739,Low,0.036511,0.036511,0
SITE_0023,Fortification of Mesembria Pontica,Burgas,Nessebar,"NIICH, 2021",1,Mortared stone masonry,1,3,1,3,5,9,4.2,5,1,3,,,1,3.237451,Low,-3,-3.997255,0.000064081287,Cold spot with 99% confidence,0,3.238189,0.047868,1.4782,3.123671,3.351304,100,3.321029,Low,-0.083578,0.083578,0
SITE_0024,Foundations of Basilica Eliusa,Burgas,Nessebar,"NIICH, 2021",1,Mortared mixed masonry (stone + brick),1,1,1,3,5,7,3.4,3,1,3,,,3,2.922249,Low,-3,-4.083935,0.000044279461,Cold spot with 99% confidence,0,2.922345,0.005213,0.1784,2.908151,2.933891,100,2.885739,Low,0.036511,0.036511,0
SITE_0025,Mesembria Terms,Burgas,Nessebar,"NIICH, 2021",1,Mortared stone masonry,1,1,1,3,5,9,3.8,3,1,3,,,1,2.491634,Low,-3,-4.083935,0.000044279461,Cold spot with 99% confidence,0,2.492071,0.024382,0.9784,2.427292,2.5523,100,2.533843,Low,-0.042209,0.042209,0
SITE_0026,Mesembria West St. John,Burgas,Nessebar,"ARIADNE Research Infrastructure, n.d.",1,Earthwork / earthen architecture,1,3,1,3,5,9,4.2,5,1,3,5,,9,4.965359,Moderate,-3,-3.435403,0.000591673788,Cold spot with 99% confidence,0,4.964823,0.056566,1.1393,4.825702,5.102345,100,4.802386,Moderate,0.162973,0.162973,0
SITE_0027,Stara Mitropolia,Burgas,Nessebar,"NIICH, 2021",1,Mortared mixed masonry (stone + brick),1,1,1,3,5,9,3.8,3,1,3,,,3,2.922249,Low,-3,-4.083935,0.000044279461,Cold spot with 99% confidence,0,2.922345,0.005213,0.1784,2.908151,2.933891,100,2.885739,Low,0.036511,0.036511,0
SITE_0028,Anchialos Building,Burgas,Pomorie,"ARIADNE Research Infrastructure, n.d.",1,Mortared stone masonry,1,1,1,3,5,9,3.8,3,1,3,1,1,1,2.175424,Low,-3,-3.358523,0.000783601126,Cold spot with 99% confidence,0,2.174786,0.025301,1.1634,2.100467,2.24476,100,2.05128,Low,0.124144,0.124144,0
SITE_0029,Anchialos Christian Church,Burgas,Pomorie,"ARIADNE Research Infrastructure, n.d.",1,Mortared stone masonry,1,1,1,3,5,9,3.8,3,1,3,3,,1,2.560702,Low,-3,-3.358523,0.000783601126,Cold spot with 99% confidence,0,2.561416,0.02097,0.8187,2.501362,2.615278,100,2.660564,Low,-0.099862,0.099862,0
SITE_0030,Anchialos Church,Burgas,Pomorie,"ARIADNE Research Infrastructure, n.d.",1,Mortared mixed masonry (stone + brick),1,1,1,3,5,9,3.8,3,1,3,3,,3,2.932813,Low,-3,-3.358523,0.000783601126,Cold spot with 99% confidence,0,2.932952,0.004413,0.1505,2.920479,2.942153,100,2.9168,Low,0.016013,0.016013,0
SITE_0031,Anchialos Fortification,Burgas,Pomorie,"ARIADNE Research Infrastructure, n.d.",1,Mortared stone masonry,1,1,1,3,5,9,3.8,3,1,3,3,,1,2.560702,Low,-3,-3.358523,0.000783601126,Cold spot with 99% confidence,0,2.561416,0.02097,0.8187,2.501362,2.615278,100,2.660564,Low,-0.099862,0.099862,0
SITE_0032,Anchialos Necropolis,Burgas,Pomorie,"ARIADNE Research Infrastructure, n.d.",1,Burial deposits / unspecified construction,3,1,1,3,5,9,3.8,3,1,3,3,,7,3.677034,Low,-3,-3.358523,0.000783601126,Cold spot with 99% confidence,0,3.676026,0.040576,1.1038,3.569489,3.78514,100,3.429271,Low,0.247763,0.247763,0
SITE_0033,Pomorie tomb,Burgas,Pomorie,"NIICH, 2021",1,Mortared mixed masonry (stone + brick),3,1,1,3,5,9,3.8,3,1,3,3,3,3,2.938732,Low,-3,-3.358523,0.000783601126,Cold spot with 99% confidence,0,2.938874,0.003963,0.1348,2.92772,2.947094,100,2.921687,Low,0.017045,0.017045,0
SITE_0034,Begliktash,Burgas,Primorsko,"NIICH, 2021",1,Rock-cut / bedrock construction,2,1,1,3,5,3,2.6,3,1,3,5,1,5,3.349664,Low,-3,-3.391736,0.000694512295,Cold spot with 99% confidence,0,3.349991,0.024162,0.7213,3.283693,3.42205,100,3.557154,Low,-0.20749,0.20749,0
SITE_0035,Chengerska mound,Burgas,Primorsko,"NIICH, 2021",1,Earthwork (earthen burial mound),3,1,1,3,5,5,3,3,1,3,3,1,7,3.441203,Low,-3,-3.391736,0.000694512295,Cold spot with 99% confidence,0,3.439862,0.038103,1.1077,3.342641,3.553088,100,3.286588,Low,0.154615,0.154615,0
SITE_0036,Mound Stamopolu,Burgas,Primorsko,"NIICH, 2021",1,Earthwork (earthen burial mound),3,1,1,3,5,5,3,3,1,3,3,1,7,3.441203,Low,-3,-3.391736,0.000694512295,Cold spot with 99% confidence,0,3.439862,0.038103,1.1077,3.342641,3.553088,100,3.286588,Low,0.154615,0.154615,0
SITE_0037,Oriospotamo,Burgas,Primorsko,"ARIADNE Research Infrastructure, n.d.; Google, n.d.",1,Mortared stone masonry,1,1,1,3,5,3,2.6,3,1,3,,,1,2.491634,Low,-3,-3.084747,0.002037254345,Cold spot with 99% confidence,0,2.492071,0.024382,0.9784,2.427292,2.5523,100,2.533843,Low,-0.042209,0.042209,0
SITE_0038,Ranuli Fortress,Burgas,Primorsko,"NIICH, 2021",1,Mortared stone masonry,1,1,1,3,5,5,3,3,1,3,7,1,1,2.918794,Low,-3,-3.391736,0.000694512295,Cold spot with 99% confidence,0,2.921384,0.03676,1.2583,2.82443,3.008922,100,3.586534,Low,-0.66774,0.66774,0
SITE_0039,Maslen Nos Fortress,Burgas,Primorsko,"Hristov, 2018; Google, n.d.",1,Mortared stone masonry,1,1,1,3,5,3,2.6,3,1,3,,1,1,2.341647,Low,-3,-3.391736,0.000694512295,Cold spot with 99% confidence,0,2.341716,0.025474,1.0878,2.27522,2.412013,100,2.412775,Low,-0.071127,0.071127,0
SITE_0040,Rusokastro Fortress,Burgas,Rusokastro,"NIICH, 2021",1,Mortared stone masonry,1,1,1,3,7,7,3.8,3,1,5,7,1,1,3.506506,Low,-3,-3.255628,0.001131417742,Cold spot with 99% confidence,0,3.50871,0.046429,1.3233,3.380492,3.643159,100,4.098285,Moderate,-0.591779,0.591779,-1
SITE_0041,Apollonia Pontica Cape Skamni,Burgas,Sozopol,"ARIADNE Research Infrastructure, n.d.",1,Mortared stone masonry,1,1,1,3,5,5,3,3,1,3,,,1,2.491634,Low,-3,-3.430824,0.00060175185,Cold spot with 99% confidence,0,2.492071,0.024382,0.9784,2.427292,2.5523,100,2.533843,Low,-0.042209,0.042209,0
SITE_0042,St. Nicholas Monastery,Burgas,Sozopol,"Museum Center Sozopol, n.d.; Google, n.d.",1,Mortared mixed masonry (stone + brick),1,1,1,3,5,5,3,3,1,3,7,,3,3.476268,Low,-3,-3.415527,0.000636587116,Cold spot with 99% confidence,0,3.478879,0.030687,0.8821,3.402187,3.560248,100,4.004169,Moderate,-0.5279,0.5279,-1
SITE_0043,Fortification of St. John Monastery,Burgas,Sozopol,"ARIADNE Research Infrastructure, n.d.",1,Earthwork / early stone construction,1,1,1,3,5,5,3,3,1,3,,,7,3.783481,Low,-3,-3.415527,0.000636587116,Cold spot with 99% confidence,0,3.782893,0.046803,1.2372,3.662197,3.906657,100,3.58953,Low,0.19395,0.19395,0
SITE_0044,Island St. Kirik and St. Julita,Burgas,Sozopol,"NIICH, 2021; ARIADNE Research Infrastructure, n.d.",1,Mortared stone masonry,1,1,1,3,5,5,3,3,1,3,,,1,2.491634,Low,-3,-3.415527,0.000636587116,Cold spot with 99% confidence,0,2.492071,0.024382,0.9784,2.427292,2.5523,100,2.533843,Low,-0.042209,0.042209,0
SITE_0045,Mesarite,Burgas,Sozopol,"NIICH, 2021; ARIADNE Research Infrastructure, n.d.",1,Earthwork / earthen architecture,1,1,1,3,5,5,3,3,1,3,7,1,9,4.276113,Moderate,-3,-2.590474,0.009584391464,Cold spot with 99% confidence,0,4.27633,0.059358,1.388,4.119269,4.439834,100,4.551276,Moderate,-0.275163,0.275163,0
SITE_0046,Monastery of St. John the Baptist,Burgas,Sozopol,"Kostova et al., 2020",1,Mortared mixed masonry (stone + brick),1,1,1,3,5,5,3,3,1,3,,,3,2.922249,Low,-3,-3.415527,0.000636587116,Cold spot with 99% confidence,0,2.922345,0.005213,0.1784,2.908151,2.933891,100,2.885739,Low,0.036511,0.036511,0
SITE_0047,Necropolis of Apollonia I,Burgas,Sozopol,"Dimitrova, 2026; ARIADNE Research Infrastructure, n.d.; Google, n.d.",1,Earthwork (earthen burial mound),3,1,1,3,5,5,3,3,1,3,5,,7,3.948761,Low,-2,-2.23346,0.025518635577,Cold spot with 95% confidence,0,3.948989,0.041898,1.061,3.847185,4.070306,88,3.972955,Low,-0.024194,0.024194,0
SITE_0048,Necropolis of Apollonia II,Burgas,Sozopol,"Dimitrova, 2026; ARIADNE Research Infrastructure, n.d.; Google, n.d.",1,Earthwork (earthen burial mound),3,1,1,3,5,5,3,3,1,3,7,,7,4.220489,Moderate,-2,-2.537628,0.011160640273,Cold spot with 95% confidence,0,4.221952,0.04834,1.145,4.098068,4.375837,100,4.51664,Moderate,-0.296151,0.296151,0
SITE_0049,Kolokita Necropolis of Apollonia,Burgas,Sozopol,"Dimitrova, 2026; Google, n.d.",1,Earthwork (earthen burial mound),3,1,1,3,5,5,3,3,1,3,7,,7,4.220489,Moderate,-2,-2.537628,0.011160640273,Cold spot with 95% confidence,0,4.221952,0.04834,1.145,4.098068,4.375837,100,4.51664,Moderate,-0.296151,0.296151,0
SITE_0050,Sozopolis Southern Complex,Burgas,Sozopol,"ARIADNE Research Infrastructure, n.d.",1,Mortared mixed masonry (stone + brick),1,1,1,3,5,5,3,3,1,3,,,3,2.922249,Low,-3,-3.430824,0.00060175185,Cold spot with 99% confidence,0,2.922345,0.005213,0.1784,2.908151,2.933891,100,2.885739,Low,0.036511,0.036511,0
SITE_0051,Sozopolis Southern Fortification,Burgas,Sozopol,"ARIADNE Research Infrastructure, n.d.",1,Mortared stone masonry,1,1,1,3,5,5,3,3,1,3,7,,1,3.104158,Low,-3,-3.415527,0.000636587116,Cold spot with 99% confidence,0,3.107342,0.038443,1.2372,3.015815,3.197827,100,3.747933,Low,-0.643775,0.643775,0
SITE_0052,St. Marina Oikos,Burgas,Sozopol,"ARIADNE Research Infrastructure, n.d.",1,Earthwork / earthen architecture,1,1,1,3,5,5,3,3,1,3,5,1,9,4.028323,Moderate,-3,-2.590474,0.009584391464,Cold spot with 99% confidence,7,4.027464,0.055912,1.3883,3.888767,4.187956,66.1,4.039525,Moderate,-0.011202,0.011202,0
SITE_0053,Via sacra,Burgas,Sozopol,"Dimitrova, 2026; Google, n.d.",1,Mortared stone masonry,1,1,1,3,5,5,3,3,1,3,5,,1,2.83243,Low,-3,-2.590474,0.009584391464,Cold spot with 99% confidence,0,2.834379,0.026882,0.9484,2.760028,2.89662,100,3.204249,Low,-0.371819,0.371819,0
SITE_0054,Aquae Calidae,Burgas,Vetren,"NIICH, 2021",1,Mortared stone masonry,1,3,1,3,7,9,4.6,5,1,3,5,,1,3.476917,Low,-3,-3.703699,0.000212478616,Cold spot with 99% confidence,0,3.478676,0.042341,1.2172,3.366889,3.595431,100,3.777444,Low,-0.300527,0.300527,0
SITE_0055,Alexandrovo Tomb,Haskovo,Alexandrovo,"NIICH, 2021",1,Earthwork (earthen burial mound),3,7,1,3,9,9,5.8,5,1,9,1,1,7,5.544261,Moderate,3,3.654965,0.000257216907,Hot spot with 99% confidence,0,5.540434,0.072424,1.3072,5.339412,5.721236,100,4.849619,Moderate,0.694642,0.694642,0
SITE_0056,Asara Shrine and Fortress,Haskovo,Angel Voivoda,"NIICH, 2021; ARIADNE Research Infrastructure, n.d.",1,Mortared stone masonry,1,7,3,3,9,7,5.8,5,1,3,7,3,1,3.682694,Low,1,1.888637,0.058940514541,Hot spot with 90% confidence,0,3.685329,0.044454,1.2062,3.559372,3.811956,100,4.243532,Moderate,-0.560838,0.560838,-1
SITE_0057,Dolmen Slavova Koriya,Haskovo,Balgarska Polyana,"NIICH, 2021; ARIADNE Research Infrastructure, n.d.",1,Dry stone masonry,3,7,7,3,9,7,6.6,7,1,7,1,5,5,5.557307,Moderate,3,2.589035,0.009624520678,Hot spot with 99% confidence,0,5.554801,0.047872,0.8618,5.41127,5.683173,100,4.871151,Moderate,0.686156,0.686156,0
SITE_0058,Dolmen Gaidarov dolap,Haskovo,Bulgarska Polyana,"NIICH, 2021; Google, n.d.",1,Dry stone masonry,3,7,9,3,9,7,7,7,1,7,3,5,5,5.805097,Moderate,3,2.578069,0.009935401607,Hot spot with 99% confidence,0,5.803667,0.036827,0.6345,5.693606,5.909395,100,5.382902,Moderate,0.422195,0.422195,0
SITE_0059,Deaf Stones,Haskovo,Dabovets,"NIICH, 2021",2,Rock-cut / bedrock construction,2,7,1,3,7,9,5.4,5,1,9,9,1,5,7.089165,High,3,3.202076,0.001364408324,Hot spot with 99% confidence,0,7.087759,0.064483,0.9098,6.922495,7.253397,100,6.655438,High,0.433727,0.433727,0
SITE_0060,Cromlech,Haskovo,Dolen Glavanak,"NIICH, 2021",1,Rock-cut / bedrock construction,2,7,1,3,7,9,5.4,5,1,9,5,1,5,5.700511,Moderate,3,3.384779,0.000712355444,Hot spot with 99% confidence,0,5.699429,0.062669,1.0996,5.554575,5.850448,100,5.631936,Moderate,0.068575,0.068575,0
SITE_0061,Mound Dolno Botevo,Haskovo,Dolno Botevo,"NIICH, 2021",1,Earthwork (earthen burial mound),3,7,5,3,7,9,6.2,7,1,9,3,5,7,6.732139,High,3,4.630231,0.000003652589,Hot spot with 99% confidence,0,6.72973,0.048264,0.7172,6.60441,6.854946,100,6.135839,High,0.5963,0.5963,0
SITE_0062,Kovan Kaya,Haskovo,Dolno Cherkovishte,"ARIADNE Research Infrastructure, n.d.",1,Rock-cut / bedrock construction,2,3,3,3,5,7,4.2,5,5,9,3,1,5,5.575258,Moderate,3,4.186463,0.000028333469,Hot spot with 99% confidence,0,5.572816,0.065552,1.1763,5.42206,5.726818,100,5.276812,Moderate,0.298446,0.298446,0
SITE_0063,Kovan Kaya niches I,Haskovo,Dolno Cherkovishte,"NIICH, 2021; ARIADNE Research Infrastructure, n.d.",3,Rock-cut / bedrock construction,2,3,3,3,5,7,4.2,5,3,9,7,1,5,5.885892,Moderate,3,4.186463,0.000028333469,Hot spot with 99% confidence,0,5.8835,0.054641,0.9287,5.735123,6.034652,98.9,6.222001,High,-0.336109,0.336109,-1
SITE_0064,Gledka mound I,Haskovo,Gledka,"ARIADNE Research Infrastructure, n.d.",1,Earthwork (earthen burial mound),2,7,5,3,7,9,6.2,7,1,9,3,5,7,6.732139,High,3,4.984489,6.21259e-7,Hot spot with 99% confidence,0,6.72973,0.048264,0.7172,6.60441,6.854946,100,6.135839,High,0.5963,0.5963,0
SITE_0065,Gledka mound II,Haskovo,Gledka,"ARIADNE Research Infrastructure, n.d.",1,Earthwork (earthen burial mound),2,7,5,3,9,9,6.6,7,1,9,3,5,7,6.732139,High,3,4.984489,6.21259e-7,Hot spot with 99% confidence,0,6.72973,0.048264,0.7172,6.60441,6.854946,100,6.135839,High,0.5963,0.5963,0
SITE_0066,Furnadzhika,Haskovo,Gorno Pole,"ARIADNE Research Infrastructure, n.d.",2,Rock-cut / bedrock construction,2,7,1,3,7,9,5.4,5,1,9,5,1,5,5.288176,Moderate,3,3.628391,0.000285192678,Hot spot with 99% confidence,0,5.288632,0.034262,0.6478,5.208285,5.381672,100,5.631936,Moderate,-0.34376,0.34376,0
SITE_0067,Dolmen Gorno Voyvodino,Haskovo,Gorno Voyvodino,"ARIADNE Research Infrastructure, n.d.; Google, n.d.",1,Dry stone masonry,3,7,7,3,9,9,7,7,1,9,3,5,5,6.392809,High,3,5.044004,4.55889e-7,Hot spot with 99% confidence,0,6.390993,0.053643,0.8393,6.246236,6.541204,100,5.894653,Moderate,0.498156,0.498156,1
SITE_0068,Dolmen Nachovi chairi,Haskovo,Hlyabovo,"NIICH, 2021",1,Dry stone masonry,3,5,9,3,9,7,6.6,7,1,7,1,5,5,5.557307,Moderate,3,2.578069,0.009935401607,Hot spot with 99% confidence,0,5.554801,0.047872,0.8618,5.41127,5.683173,100,4.871151,Moderate,0.686156,0.686156,0
SITE_0069,Rodostitsa Fortress,Haskovo,Huhla,"ARIADNE Research Infrastructure, n.d.",1,Mortared stone masonry,1,7,1,3,5,9,5,5,5,9,5,1,1,5.144388,Moderate,3,2.986055,0.002826021036,Hot spot with 99% confidence,0,5.144209,0.079692,1.5492,4.951357,5.34179,100,5.306192,Moderate,-0.161803,0.161803,0
SITE_0070,Villa Armira,Haskovo,Ivaylovgrad,"NIICH, 2021",1,Mortared stone masonry,1,5,1,3,5,9,4.6,5,1,9,3,1,1,4.774062,Moderate,2,2.154115,0.031231160945,Hot spot with 95% confidence,0,4.77309,0.083595,1.7514,4.580417,4.990613,100,4.637814,Moderate,0.136248,0.136248,0
SITE_0071,Castra Rubra,Haskovo,Izvorovo,"NIICH, 2021",1,Mortared stone masonry,1,7,3,3,9,9,6.2,7,1,9,1,3,1,5.290171,Moderate,3,2.651073,0.00802363877,Hot spot with 99% confidence,0,5.288169,0.086759,1.6406,5.045936,5.52384,100,4.783061,Moderate,0.50711,0.50711,0
SITE_0072,Kapitan Petko Voyvoda mound I,Haskovo,Kapitan Petko Voyvoda,"ARIADNE Research Infrastructure, n.d.",1,Earthwork (earthen burial mound),2,5,7,3,7,9,6.2,7,1,9,3,5,7,6.732139,High,1,1.719392,0.085543050264,Hot spot with 90% confidence,0,6.72973,0.048264,0.7172,6.60441,6.854946,100,6.135839,High,0.5963,0.5963,0
SITE_0073,Sanctuary of Nymphs and Aphrodite,Haskovo,Kasnakovo,"NIICH, 2021",1,Mortared stone masonry,1,9,1,3,7,9,5.8,5,1,9,3,7,1,5.302625,Moderate,3,2.606482,0.009147761148,Hot spot with 99% confidence,0,5.302546,0.075956,1.4325,5.106357,5.507361,100,4.990223,Moderate,0.312402,0.312402,0
SITE_0074,Fortress Klokotnitsa,Haskovo,Klokotnitsa,"NIICH, 2021",1,Mortared stone masonry,1,9,1,3,9,9,6.2,7,1,9,1,1,1,5.113983,Moderate,3,2.606482,0.009147761148,Hot spot with 99% confidence,0,5.111684,0.091107,1.7823,4.854032,5.364955,100,4.665591,Moderate,0.448392,0.448392,0
SITE_0075,Fortified ruling house,Haskovo,Knyazhevo,"NIICH, 2021",1,Mortared stone masonry,1,5,5,3,9,7,5.8,5,7,9,1,1,1,4.710077,Moderate,1,1.719392,0.085543050264,Hot spot with 90% confidence,0,4.707603,0.086837,1.8446,4.485141,4.93118,100,4.361003,Moderate,0.349074,0.349074,0
SITE_0076,Dolmen Mangura,Haskovo,Kostur,"ARIADNE Research Infrastructure, n.d.",2,Dry stone masonry,3,7,7,3,9,7,6.6,7,1,7,5,1,5,5.490267,Moderate,1,1.651685,0.09859881614,Hot spot with 90% confidence,0,5.490286,0.031902,0.5811,5.406269,5.583253,100,5.659714,Moderate,-0.169446,0.169446,0
SITE_0077,Dolmen Starite Loza,Haskovo,Kostur,"ARIADNE Research Infrastructure, n.d.",2,Dry stone masonry,3,7,7,3,9,7,6.6,7,1,7,5,1,5,5.490267,Moderate,1,1.651685,0.09859881614,Hot spot with 90% confidence,0,5.490286,0.031902,0.5811,5.406269,5.583253,100,5.659714,Moderate,-0.169446,0.169446,0
SITE_0078,Hambar Kaya II,Haskovo,Madzharovo,"ARIADNE Research Infrastructure, n.d.",3,Rock-cut / bedrock construction,2,7,1,3,7,7,5,5,5,9,7,1,5,5.966253,Moderate,3,3.384779,0.000712355444,Hot spot with 99% confidence,5,5.964085,0.053061,0.8897,5.815587,6.115715,73.2,6.300314,High,-0.334061,0.334061,-1
SITE_0079,Deaf Stones Church,Haskovo,Malko Gradishte,"ARIADNE Research Infrastructure, n.d.",2,Mortared mixed masonry (stone + brick),1,7,1,3,7,9,5.4,5,1,9,7,1,3,6.026064,High,3,3.202076,0.001364408324,Hot spot with 99% confidence,3,6.0251,0.043462,0.7213,5.900382,6.135507,70.4,5.902502,Moderate,0.123563,0.123563,1
SITE_0080,Bukelon Fortress,Haskovo,Matochina,"ARIADNE Research Infrastructure, n.d.",1,Mortared stone masonry,1,5,1,3,7,9,5,5,1,9,7,5,1,5.622018,Moderate,1,1.698306,0.089449930117,Hot spot with 90% confidence,0,5.623792,0.073942,1.3148,5.429736,5.79901,100,5.896256,Moderate,-0.274238,0.274238,0
SITE_0081,Matochina Rock Church,Haskovo,Matochina,"NIICH, 2021",1,Mortared mixed masonry (stone + brick),1,7,1,3,7,9,5.4,5,1,9,5,1,3,5.361181,Moderate,0,1.356794,0.174846765156,Not statistically significant,0,5.360693,0.069993,1.3057,5.193726,5.531335,100,5.39075,Moderate,-0.029569,0.029569,0
SITE_0082,Merichleri mound I,Haskovo,Merichleri,"ARIADNE Research Infrastructure, n.d.",1,Earthwork (earthen burial mound),2,9,3,3,9,7,6.2,7,1,9,1,,7,6.627743,High,3,2.719651,0.006535094061,Hot spot with 99% confidence,0,6.624122,0.062486,0.9433,6.450693,6.779969,100,5.663031,Moderate,0.964712,0.964712,1
SITE_0083,Merichleri mound II,Haskovo,Merichleri,"ARIADNE Research Infrastructure, n.d.",1,Earthwork (earthen burial mound),2,9,3,3,9,7,6.2,7,1,9,1,,7,6.627743,High,3,2.719651,0.006535094061,Hot spot with 99% confidence,0,6.624122,0.062486,0.9433,6.450693,6.779969,100,5.663031,Moderate,0.964712,0.964712,1
SITE_0084,Merichleri mound III,Haskovo,Merichleri,"ARIADNE Research Infrastructure, n.d.",1,Earthwork (earthen burial mound),2,9,3,3,9,7,6.2,7,1,9,1,,7,6.627743,High,3,2.719651,0.006535094061,Hot spot with 99% confidence,0,6.624122,0.062486,0.9433,6.450693,6.779969,100,5.663031,Moderate,0.964712,0.964712,1
SITE_0085,Mezek Tumulus,Haskovo,Mezek,"NIICH, 2021",1,Earthwork (earthen burial mound),3,7,1,3,7,9,5.4,5,1,9,1,3,7,5.720449,Moderate,3,2.776123,0.005501147537,Hot spot with 99% confidence,0,5.716919,0.068122,1.1916,5.523141,5.879601,100,4.967089,Moderate,0.75336,0.75336,0
SITE_0086,Neutzikon Fortress,Haskovo,Mezek,"NIICH, 2021",1,Mortared stone masonry,1,7,1,3,7,9,5.4,5,1,9,5,1,1,5.021852,Moderate,3,2.776123,0.005501147537,Hot spot with 99% confidence,0,5.021956,0.080884,1.6106,4.831061,5.220264,100,5.149565,Moderate,-0.127713,0.127713,0
SITE_0087,Mihalich Rock Church,Haskovo,Mihalich,"NIICH, 2021",3,Mortared mixed masonry (stone + brick),1,7,1,3,7,9,5.4,5,1,9,3,7,3,4.515769,Moderate,1,1.76443,0.07765956421,Hot spot with 90% confidence,0,4.51765,0.060968,1.3496,4.363089,4.670936,100,5.231409,Moderate,-0.715639,0.715639,0
SITE_0088,Dolmen Bayamluka,Haskovo,Mladinovo,"ARIADNE Research Infrastructure, n.d.",1,Dry stone masonry,3,7,3,3,9,9,6.2,7,1,7,1,1,5,5.204931,Moderate,2,2.427741,0.015193183913,Hot spot with 95% confidence,0,5.201831,0.057635,1.108,5.035575,5.369025,100,4.636211,Moderate,0.56872,0.56872,0
SITE_0089,Orlovo Town,Haskovo,Orlovo,"ARIADNE Research Infrastructure, n.d.",1,Mortared stone masonry,1,7,5,3,9,9,6.6,7,1,9,3,1,1,5.361773,Moderate,3,3.219947,0.001282141779,Hot spot with 99% confidence,0,5.36055,0.085415,1.5934,5.128255,5.595724,100,5.177343,Moderate,0.184431,0.184431,0
SITE_0090,Dolmen Kapakliyka II,Haskovo,Oryahovo,"ARIADNE Research Infrastructure, n.d.",1,Dry stone masonry,3,7,3,3,9,9,6.2,7,1,7,1,3,5,5.381119,Moderate,2,2.501529,0.01236584383,Hot spot with 95% confidence,0,5.378316,0.051896,0.9649,5.227479,5.524972,100,4.753681,Moderate,0.627438,0.627438,0
SITE_0091,Mehir Stone Chuchul,Haskovo,Ovcharovo,"NIICH, 2021",1,Rock-cut / bedrock construction,2,7,5,3,9,9,6.6,7,1,9,1,3,5,5.968831,Moderate,3,2.602955,0.009242421862,Hot spot with 99% confidence,7,5.965642,0.067127,1.1252,5.780108,6.155647,67.7,5.265432,Moderate,0.703399,0.703399,0
SITE_0092,Ak Kaya,Haskovo,Pchelari,"ARIADNE Research Infrastructure, n.d.",3,Rock-cut / bedrock construction,3,3,3,3,5,7,4.2,5,5,9,7,9,5,7.010138,High,3,4.426656,0.000009570523,Hot spot with 99% confidence,0,7.010369,0.028371,0.4047,6.930024,7.089919,100,6.770193,High,0.239945,0.239945,0
SITE_0093,Kara inn,Haskovo,Pchelari,"NIICH, 2021; ARIADNE Research Infrastructure, n.d.",3,Rock-cut / bedrock construction,3,3,3,3,5,7,4.2,5,5,9,7,9,5,7.010138,High,3,4.426656,0.000009570523,Hot spot with 99% confidence,0,7.010369,0.028371,0.4047,6.930024,7.089919,100,6.770193,High,0.239945,0.239945,0
SITE_0094,Dolmen Plevun,Haskovo,Plevun,"NIICH, 2021",1,Dry stone masonry,3,5,1,3,5,7,4.2,5,1,9,1,7,5,5.733495,Moderate,2,2.357121,0.018417240105,Hot spot with 95% confidence,0,5.731153,0.065306,1.1395,5.563676,5.902655,100,4.960843,Moderate,0.772652,0.772652,0
SITE_0095,Kovan Kaya niches II,Haskovo,Potochnitsa,"ARIADNE Research Infrastructure, n.d.",2,Rock-cut / bedrock construction,2,3,3,3,5,7,4.2,5,3,9,7,1,5,6.263109,High,3,4.186463,0.000028333469,Hot spot with 99% confidence,0,6.26266,0.037612,0.6006,6.160024,6.361188,100,6.222001,High,0.041109,0.041109,0
SITE_0096,Efraim Fortress,Haskovo,Rabovo,"Bulgarian Castles, n.d.",3,Mortared stone masonry,1,3,5,3,5,7,4.6,5,5,9,9,5,1,7.174109,High,3,4.540721,0.00000560621,Hot spot with 99% confidence,0,7.171837,0.063283,0.8824,6.991123,7.343965,100,6.564633,High,0.609476,0.609476,0
SITE_0097,Dolmen Bakalov kladenets,Haskovo,Sakartsi,"Google, n.d.",1,Dry stone masonry,3,7,7,3,7,9,6.6,7,1,7,1,1,5,5.204931,Moderate,0,1.427223,0.153515690509,Not statistically significant,0,5.201831,0.057635,1.108,5.035575,5.369025,100,4.636211,Moderate,0.56872,0.56872,0
SITE_0098,Dolmen Byalata treva,Haskovo,Sakartsi,"Google, n.d.",1,Dry stone masonry,3,7,7,3,9,7,6.6,7,1,7,5,3,5,5.876699,Moderate,3,2.589035,0.009624520678,Hot spot with 99% confidence,0,5.876048,0.034589,0.5887,5.775926,5.976931,100,5.777184,Moderate,0.099516,0.099516,0
SITE_0099,Dolmen Kapakliyka I,Haskovo,Sakartsi,"NIICH, 2021",1,Dry stone masonry,3,7,7,3,9,9,7,7,1,7,3,1,5,5.452721,Moderate,2,1.978427,0.047880521239,Hot spot with 95% confidence,0,5.450697,0.048725,0.8939,5.309798,5.595004,100,5.147963,Moderate,0.304759,0.304759,0
SITE_0100,Dolmen Kliftinova niva,Haskovo,Sakartsi,"Google, n.d.",1,Dry stone masonry,3,7,7,3,9,9,7,7,1,7,5,1,5,5.700511,Moderate,0,1.622924,0.104605678775,Not statistically significant,0,5.699563,0.042578,0.747,5.581566,5.820983,100,5.659714,Moderate,0.040797,0.040797,0
SITE_0101,Dolmen Paskalevi kelemeta,Haskovo,Sakartsi,"Google, n.d.",1,Dry stone masonry,3,7,7,3,7,9,6.6,7,1,7,3,1,5,5.452721,Moderate,0,1.427223,0.153515690509,Not statistically significant,0,5.450697,0.048725,0.8939,5.309798,5.595004,100,5.147963,Moderate,0.304759,0.304759,0
SITE_0102,Dolmen Sakartsi,Haskovo,Sakartsi,"NIICH, 2021; Google, n.d.",2,Dry stone masonry,3,7,7,3,7,9,6.6,7,1,7,1,1,5,3.689278,Low,0,1.427223,0.153515690509,Not statistically significant,0,3.69116,0.091632,2.4825,3.452765,3.916942,100,4.636211,Moderate,-0.946934,0.946934,-1
SITE_0103,Burdenis Fortress,Haskovo,Svilengrad,"ARIADNE Research Infrastructure, n.d.",1,Mortared stone masonry,1,7,1,3,7,9,5.4,5,7,9,3,3,1,5.134055,Moderate,2,2.403002,0.016261091267,Hot spot with 95% confidence,0,5.132954,0.078267,1.5248,4.939812,5.329403,100,4.990224,Moderate,0.143831,0.143831,0
SITE_0104,Svilengrad mound necropolis,Haskovo,Svilengrad,"ARIADNE Research Infrastructure, n.d.",1,Earthwork (earthen burial mound),2,7,1,3,7,9,5.4,5,3,9,5,1,7,6.101109,High,3,2.818331,0.004827401815,Hot spot with 99% confidence,1,6.099292,0.059392,0.9738,5.941686,6.238051,95.3,5.951435,Moderate,0.149674,0.149674,1
SITE_0105,Svirachi Golyamata Mogila,Haskovo,Svirachi,"NIICH, 2021; ARIADNE Research Infrastructure, n.d.",1,Earthwork (earthen burial mound),3,5,1,3,5,9,4.6,5,1,9,3,3,7,5.968239,Moderate,2,2.154115,0.031231160945,Hot spot with 95% confidence,5,5.965785,0.060371,1.012,5.792081,6.110307,68.7,5.47884,Moderate,0.489399,0.489399,0
SITE_0106,Paleokastro Fortress,Haskovo,Topolovgrad,"NIICH, 2021; ARIADNE Research Infrastructure, n.d.",2,Mortared stone masonry,1,5,9,3,7,9,6.6,7,1,7,5,1,1,5.165055,Moderate,2,1.975572,0.048203261044,Hot spot with 95% confidence,0,5.164094,0.038679,0.749,5.055607,5.282549,100,5.177343,Moderate,-0.012288,0.012288,0
SITE_0107,Paparimsko Kale,Haskovo,Topolovgrad,"ARIADNE Research Infrastructure, n.d.",2,Mortared stone masonry,1,7,5,3,7,9,6.2,7,1,7,3,1,1,4.26456,Moderate,0,1.622924,0.104605678775,Not statistically significant,0,4.264531,0.059842,1.4032,4.114304,4.441128,100,4.665591,Moderate,-0.401031,0.401031,0
SITE_0108,Holy Trinity Monastery,Haskovo,Ustrem,"NIICH, 2021; ARIADNE Research Infrastructure, n.d.",1,Mortared mixed masonry (stone + brick),1,7,5,3,7,9,6.2,7,1,9,3,5,3,6.053479,High,1,1.719392,0.085543050264,Hot spot with 90% confidence,4,6.052257,0.064009,1.0576,5.879149,6.229199,76.3,5.653468,Moderate,0.400012,0.400012,1
SITE_0109,Orlovi Skali,Kardzhali,Ardino,"NIICH, 2021",3,Rock-cut / bedrock construction,2,3,3,3,9,3,4.2,5,1,5,7,3,5,5.544559,Moderate,1,1.865906,0.062054581124,Hot spot with 90% confidence,0,5.542174,0.048342,0.8723,5.429872,5.646137,100,5.237655,Moderate,0.306905,0.306905,0
SITE_0110,Dupchen Kamak,Kardzhali,Benkovski,"ARIADNE Research Infrastructure, n.d.",1,Rock-cut / bedrock construction,3,3,1,3,7,1,3,3,1,5,7,5,5,4.537541,Moderate,2,2.062717,0.039139554476,Hot spot with 95% confidence,0,4.539154,0.032833,0.7233,4.449442,4.631098,100,4.815595,Moderate,-0.278054,0.278054,0
SITE_0111,Hambar Dere Necropolis,Kardzhali,Chernichevo,"NIICH, 2021",1,Earthwork (earthen burial mound),3,3,1,3,3,5,3,3,1,9,5,1,7,5.452129,Moderate,2,2.216349,0.026667617187,Hot spot with 95% confidence,0,5.450706,0.077058,1.4137,5.234452,5.633743,100,5.333593,Moderate,0.118537,0.118537,0
SITE_0112,Chernichino mound,Kardzhali,Chernichino,"ARIADNE Research Infrastructure, n.d.",2,Earthwork (earthen burial mound),3,5,1,3,7,7,4.6,5,1,9,5,1,7,5.450782,Moderate,3,3.254311,0.001136676074,Hot spot with 99% confidence,0,5.451728,0.035845,0.6575,5.354833,5.549666,100,5.873122,Moderate,-0.42234,0.42234,0
SITE_0113,Patmos Fortress,Kardzhali,Doyrantsi,"Bulgarian Castles, n.d.",1,Mortared stone masonry,1,5,5,3,9,5,5.4,5,5,3,7,9,1,4.333794,Moderate,0,1.460798,0.144070977949,Not statistically significant,0,4.337037,0.050797,1.1712,4.198881,4.489649,100,4.752568,Moderate,-0.418774,0.418774,0
SITE_0114,Duzhdovnitsa niches,Kardzhali,Duzhdovnitsa,"ARIADNE Research Infrastructure, n.d.",3,Rock-cut / bedrock construction,2,5,7,3,9,5,5.8,5,1,3,5,9,5,5.100249,Moderate,1,1.684634,0.092059162211,Hot spot with 90% confidence,0,5.100817,0.03394,0.6654,5.024157,5.185701,100,4.566562,Moderate,0.533687,0.533687,0
SITE_0115,Perperikon,Kardzhali,Gorna Krepost,"NIICH, 2021",2,Mortared stone masonry,1,5,7,3,9,7,6.2,7,1,9,7,1,1,6.358515,High,3,2.717582,0.006576085524,Hot spot with 99% confidence,0,6.356992,0.041399,0.6512,6.226304,6.489814,100,6.200845,High,0.15767,0.15767,0
SITE_0116,Church of St. John Prodomus,Kardzhali,Kardzhali,"NIICH, 2021",1,Mortared mixed masonry (stone + brick),1,3,7,3,9,5,5.4,5,7,3,3,,3,3.778862,Low,2,2.179663,0.029282414329,Hot spot with 95% confidence,0,3.778393,0.029006,0.7677,3.697756,3.856536,100,3.739596,Low,0.039266,0.039266,0
SITE_0117,Necropolis of St. John Prodomus,Kardzhali,Kardzhali,"NIICH, 2021",1,Burial deposits / unspecified construction,3,3,7,3,9,5,5.4,5,7,3,3,1,7,4.21272,Moderate,2,2.179663,0.029282414329,Hot spot with 95% confidence,0,4.2107,0.040393,0.9593,4.09174,4.327841,100,4.061057,Moderate,0.151663,0.151663,0
SITE_0118,Toplitsa,Kardzhali,Mineralni Bani,"ARIADNE Research Infrastructure, n.d.",1,Mortared stone masonry,1,7,1,3,7,9,5.4,5,1,5,1,5,1,3.703224,Low,0,1.211301,0.225780276531,Not statistically significant,0,3.702542,0.044657,1.2061,3.583051,3.813699,100,3.3375,Low,0.365724,0.365724,0
SITE_0119,Moryantsi tomb,Kardzhali,Moryantsi,"ARIADNE Research Infrastructure, n.d.",1,Rock-cut / bedrock construction,2,3,3,3,5,7,4.2,5,1,9,7,5,5,6.300677,High,3,4.084264,0.000044216714,Hot spot with 99% confidence,0,6.301266,0.052784,0.8377,6.169662,6.431199,100,6.378627,High,-0.077949,0.077949,0
SITE_0120,Sivri Kaya niches,Kardzhali,Murga,"ARIADNE Research Infrastructure, n.d.",3,Rock-cut / bedrock construction,2,7,3,3,9,7,5.8,5,1,1,9,9,5,6.771783,High,2,1.974181,0.048361177619,Hot spot with 95% confidence,0,6.769488,0.08138,1.2022,6.569275,7.003257,100,5.078313,Moderate,1.69347,1.69347,1
SITE_0121,Arkata,Kardzhali,Oreshari,"ARIADNE Research Infrastructure, n.d.",3,Rock-cut / bedrock construction,2,3,3,3,5,7,4.2,5,5,9,7,1,5,5.966253,Moderate,3,4.186463,0.000028333469,Hot spot with 99% confidence,5,5.964085,0.053061,0.8897,5.815587,6.115715,73.2,6.300314,High,-0.334061,0.334061,-1
SITE_0122,Gouk in cave,Kardzhali,Oreshari,"ARIADNE Research Infrastructure, n.d.",3,Rock-cut / bedrock construction,2,3,3,3,5,7,4.2,5,5,9,5,1,5,5,Moderate,3,4.186463,0.000028333469,Hot spot with 99% confidence,0,4.999171,0.041405,0.8282,4.897537,5.097397,100,5.788563,Moderate,-0.788563,0.788563,0
SITE_0123,Pop Martinova Dypka,Kardzhali,Oreshari,"NIICH, 2021; ARIADNE Research Infrastructure, n.d.",3,Rock-cut / bedrock construction,2,3,3,3,5,7,4.2,5,5,9,9,1,5,6.932506,High,3,4.186463,0.000028333469,Hot spot with 99% confidence,0,6.928998,0.078036,1.1262,6.713754,7.145343,100,6.812065,High,0.12044,0.12044,0
SITE_0124,Ada Tepe,Kardzhali,Ovchari,"NIICH, 2021",2,Earthwork / earthen architecture,1,3,1,3,3,3,2.6,3,1,9,7,1,9,6.018826,High,3,3.239405,0.00119779238,Hot spot with 99% confidence,8,6.019399,0.060084,0.9982,5.844837,6.190126,63.6,6.086529,High,-0.067703,0.067703,0
SITE_0125,Redestyuk Fortress,Kardzhali,Skalak,"ARIADNE Research Infrastructure, n.d.",2,Mortared stone masonry,1,3,1,3,3,3,2.6,3,1,9,3,1,1,3.567412,Low,3,2.832304,0.004621388711,Hot spot with 99% confidence,0,3.567889,0.049376,1.3839,3.452135,3.689724,100,4.098285,Moderate,-0.530873,0.530873,-1
SITE_0126,Tatul,Kardzhali,Tatul,"NIICH, 2021",2,Mortared mixed masonry (stone + brick),1,3,5,3,7,5,4.6,5,1,9,7,1,3,6.026064,High,3,3.728041,0.000192974148,Hot spot with 99% confidence,3,6.0251,0.043462,0.7213,5.900382,6.135507,70.4,5.902502,Moderate,0.123563,0.123563,1
SITE_0127,Ustra,Kardzhali,Ustren,"NIICH, 2021",2,Mortared stone masonry,1,3,1,3,9,3,3.8,3,1,5,9,1,1,5.682966,Moderate,0,1.597345,0.110188809024,Not statistically significant,0,5.67991,0.100215,1.7644,5.450882,5.923482,100,4.610036,Moderate,1.07293,1.07293,0
SITE_0128,Vishegrad Fortress,Kardzhali,Vishegrad,"NIICH, 2021",1,Mortared stone masonry,1,3,7,3,9,5,5.4,5,5,9,7,9,1,6.09693,High,2,2.455576,0.014065887177,Hot spot with 95% confidence,2,6.099016,0.07256,1.1897,5.896132,6.298983,90.7,6.287822,High,-0.190892,0.190892,0
SITE_0129,Hambar Kaya,Kardzhali,Vodenicharsko,"NIICH, 2021",2,Earthwork (earthen burial mound),2,3,1,3,9,3,3.8,3,1,5,9,1,7,6.170785,High,0,1.597345,0.110188809024,Not statistically significant,0,6.169198,0.090276,1.4633,5.946389,6.408041,97.6,5.333593,Moderate,0.837192,0.837192,1
SITE_0130,Asar Kaya niches,Kardzhali,Voynovo,"ARIADNE Research Infrastructure, n.d.",3,Rock-cut / bedrock construction,2,7,3,3,9,7,5.8,5,1,3,9,5,5,6.510812,High,0,1.628728,0.103370706989,Not statistically significant,0,6.507503,0.080112,1.2311,6.320401,6.689512,100,5.355124,Moderate,1.155687,1.155687,1
SITE_0131,Mal Asar,Kardzhali,Yamino,"ARIADNE Research Infrastructure, n.d.",2,Earthwork / early stone construction,1,3,1,3,9,3,3.8,3,1,5,9,1,7,6.170785,High,0,1.597345,0.110188809024,Not statistically significant,0,6.169198,0.090276,1.4633,5.946389,6.408041,97.6,5.333593,Moderate,0.837192,0.837192,1
SITE_0132,Sredna Arda Rock cut niches,Kardzhali,Zvezdelina,"ARIADNE Research Infrastructure, n.d.",3,Rock-cut / bedrock construction,2,3,7,3,7,5,5,5,7,9,7,5,5,6.568556,High,3,3.547019,0.000389616806,Hot spot with 99% confidence,0,6.567811,0.027854,0.4241,6.48189,6.657333,100,6.613567,High,-0.04501,0.04501,0
SITE_0133,Shan Kaya,Kardzhali,Sladkodum,"ARIADNE Research Infrastructure, n.d.",3,Rock-cut / bedrock construction,2,3,1,3,7,5,3.8,3,1,9,7,1,5,5.514256,Moderate,3,3.775098,0.000159944686,Hot spot with 99% confidence,0,5.511294,0.064385,1.1682,5.334248,5.698845,100,5.604158,Moderate,-0.089902,0.089902,0
SITE_0134,Belovo Basilica,Pazardzhik,Belovo,"NIICH, 2021",2,Mortared mixed masonry (stone + brick),1,9,3,3,9,9,6.6,7,1,1,7,1,3,5.349261,Moderate,0,0.496341,0.619654133447,Not statistically significant,0,5.34675,0.063203,1.1821,5.15418,5.515173,100,4.395026,Moderate,0.954235,0.954235,0
SITE_0135,St. Spas Basilica,Pazardzhik,Belovo,"NIICH, 2021; ARIADNE Research Infrastructure, n.d.",2,Mortared mixed masonry (stone + brick),1,9,3,3,9,9,6.6,7,1,1,7,1,3,5.349261,Moderate,0,0.496341,0.619654133447,Not statistically significant,0,5.34675,0.063203,1.1821,5.15418,5.515173,100,4.395026,Moderate,0.954235,0.954235,0
SITE_0136,Roman bridge Bratsigovo,Pazardzhik,Bratsigovo,"Bulgarian Castles, n.d.",2,Mortared stone masonry,1,7,1,3,9,9,5.8,5,1,1,7,1,1,4.691598,Moderate,0,-0.385334,0.699989684109,Not statistically significant,0,4.688666,0.071467,1.5242,4.490085,4.858263,100,3.614311,Low,1.077286,1.077286,1
SITE_0137,Dzhenevra,Pazardzhik,Devin,"Bulgarian Castles, n.d.",2,Mortared stone masonry,1,7,3,3,7,7,5.4,5,1,1,7,1,1,4.691598,Moderate,0,0.421042,0.673724113495,Not statistically significant,0,4.688666,0.071467,1.5242,4.490085,4.858263,100,3.614311,Low,1.077286,1.077286,1
SITE_0138,Pashino Bardo,Pazardzhik,Dorkovo,"Bulgarian Castles, n.d.",2,Mortared stone masonry,1,7,3,3,7,9,5.8,5,1,1,7,1,1,4.691598,Moderate,0,0.432809,0.665153384458,Not statistically significant,0,4.688666,0.071467,1.5242,4.490085,4.858263,100,3.614311,Low,1.077286,1.077286,1
SITE_0139,Tsepina,Pazardzhik,Dorkovo,"NIICH, 2021",2,Mortared stone masonry,1,9,3,3,9,9,6.6,7,1,1,9,1,1,6.087149,High,0,0.199188,0.842115996942,Not statistically significant,0,6.083218,0.09308,1.5301,5.81533,6.314503,80.8,4.665591,Moderate,1.421558,1.421558,1
SITE_0140,Church of St. Dimitar,Pazardzhik,Patalenitsa,"NIICH, 2021",1,Mortared mixed masonry (stone + brick),1,9,3,3,9,9,6.6,7,1,1,7,,3,4.120756,Moderate,0,-0.345233,0.72991889037,Not statistically significant,1,4.123319,0.082427,1.999,3.916055,4.349715,92.1,4.606875,Moderate,-0.48612,0.48612,0
SITE_0141,Peristera Fortress,Pazardzhik,Peshtera,"NIICH, 2021",1,Mortared stone masonry,1,7,1,3,9,9,5.8,5,1,1,1,,1,2.288975,Low,0,-0.367503,0.713244195355,Not statistically significant,0,2.288595,0.058042,2.5361,2.150894,2.442548,100,2.146391,Low,0.142584,0.142584,0
SITE_0142,Kulata Gradot,Pazardzhik,Rakitovo,"NIICH, 2021",2,Mortared stone masonry,1,9,3,3,9,9,6.6,7,1,1,7,1,1,5.186655,Moderate,0,0.199188,0.842115996942,Not statistically significant,0,5.183655,0.068392,1.3194,4.975735,5.37151,100,4.15384,Moderate,1.032814,1.032814,0
SITE_0143,The tower Kalinkata,Pazardzhik,Rakitovo,"NIICH, 2021",2,Mortared stone masonry,1,9,3,3,9,9,6.6,7,1,1,7,1,1,5.186655,Moderate,0,0.613666,0.539436377451,Not statistically significant,0,5.183655,0.068392,1.3194,4.975735,5.37151,100,4.15384,Moderate,1.032814,1.032814,0
SITE_0144,Tatarsko Kale,Pazardzhik,Ravnogor,"Bulgarian Castles, n.d.",2,Mortared stone masonry,1,3,3,3,9,3,4.2,5,1,1,7,1,1,4.691598,Moderate,-2,-2.042083,0.041143265503,Cold spot with 95% confidence,0,4.688666,0.071467,1.5242,4.490085,4.858263,100,3.614311,Low,1.077286,1.077286,1
SITE_0145,Emporion Pistiros,Pazardzhik,Septemvri,"NIICH, 2021",1,Mortared stone masonry,1,9,3,3,9,9,6.6,7,9,1,1,3,1,3.184397,Low,0,0.496341,0.619654133447,Not statistically significant,0,3.18337,0.078577,2.4684,2.975946,3.386848,100,3.04931,Low,0.135087,0.135087,0
SITE_0146,Zhaba Mogila,Pazardzhik,Strelcha,"NIICH, 2021",1,Earthwork (earthen burial mound),3,5,1,3,9,5,4.6,5,1,1,3,5,7,3.793579,Low,-2,-2.13643,0.032644352784,Cold spot with 95% confidence,0,3.792966,0.06048,1.5945,3.644516,3.95875,100,3.549305,Low,0.244274,0.244274,0
SITE_0147,Lyubnishko Kale,Pazardzhik,Tserovo,"NIICH, 2021",2,Mortared stone masonry,1,9,3,3,9,9,6.6,7,1,1,7,1,1,5.186655,Moderate,0,-0.270528,0.78675440525,Not statistically significant,0,5.183655,0.068392,1.3194,4.975735,5.37151,100,4.15384,Moderate,1.032814,1.032814,0
SITE_0148,Bona Mansio,Pazardzhik,Vetren,"NIICH, 2021",1,Mortared stone masonry,1,9,3,3,9,9,6.6,7,1,1,1,3,1,2.939324,Low,0,0.496341,0.619654133447,Not statistically significant,0,2.938864,0.079311,2.6987,2.748516,3.148024,100,2.736057,Low,0.203267,0.203267,0
SITE_0149,Tell Yunatsite,Pazardzhik,Yunatsite,"NIICH, 2021",1,Earthwork / earthen architecture,2,9,3,3,9,7,6.2,7,3,3,1,5,9,5.121811,Moderate,0,-0.436657,0.662360245715,Not statistically significant,0,5.118749,0.067531,1.3193,4.917113,5.329495,100,4.408333,Moderate,0.713478,0.713478,0
SITE_0150,Anevo Kale,Plovdiv,Anevo,"NIICH, 2021; ARIADNE Research Infrastructure, n.d.",2,Mortared stone masonry,1,3,1,3,9,9,5,5,1,1,7,1,1,4.691598,Moderate,-3,-3.37328,0.000742784929,Cold spot with 99% confidence,0,4.688666,0.071467,1.5242,4.490085,4.858263,100,3.614311,Low,1.077286,1.077286,1
SITE_0151,Asenova Fortress,Plovdiv,Asenovgrad,"NIICH, 2021",3,Mortared stone masonry,1,9,7,3,7,9,7,7,7,1,7,5,1,5.535607,Moderate,0,1.1408,0.253953157583,Not statistically significant,0,5.534503,0.058815,1.0627,5.376041,5.692092,100,4.62372,Moderate,0.911887,0.911887,0
SITE_0152,Bachkovo Monastery,Plovdiv,Asenovgrad,"NIICH, 2021",1,Mortared mixed masonry (stone + brick),1,7,7,3,9,9,7,7,7,1,7,7,3,4.558205,Moderate,0,1.1408,0.253953157583,Not statistically significant,0,4.560548,0.076513,1.6777,4.37057,4.786364,100,4.982375,Moderate,-0.424171,0.424171,0
SITE_0153,Church of St. George Metokha,Plovdiv,Asenovgrad,"NIICH, 2021",1,Mortared mixed masonry (stone + brick),1,9,7,3,7,9,7,7,7,1,5,,3,4.050589,Moderate,0,0.63891,0.522881676923,Not statistically significant,4,4.051499,0.078945,1.9485,3.855288,4.266293,74.1,4.312791,Moderate,-0.262202,0.262202,0
SITE_0154,Church of the Holy Virgin of Petrich,Plovdiv,Asenovgrad,"NIICH, 2021",3,Mortared mixed masonry (stone + brick),1,9,7,3,7,9,7,7,7,1,7,5,3,5.675777,Moderate,0,1.1408,0.253953157583,Not statistically significant,0,5.674655,0.054728,0.9644,5.530748,5.819712,100,4.864906,Moderate,0.810871,0.810871,0
SITE_0155,Stanimaka Fortress ruins,Plovdiv,Asenovgrad,"Bulgarian Castles, n.d.",1,Mortared stone masonry,1,9,7,5,7,9,7.4,7,5,1,3,,1,3.339564,Low,0,0.63891,0.522881676923,Not statistically significant,0,3.339951,0.083872,2.5112,3.142032,3.561565,100,3.429671,Low,-0.090107,0.090107,0
SITE_0156,Golyama Dragoyna,Plovdiv,Bukovo,"ARIADNE Research Infrastructure, n.d.",2,Earthwork / early stone construction,1,9,3,3,7,7,5.8,5,1,5,7,1,7,5.765347,Moderate,1,1.9313,0.053445909027,Hot spot with 90% confidence,0,5.764623,0.038396,0.6661,5.654219,5.877114,100,5.36137,Moderate,0.403976,0.403976,0
SITE_0157,Monastery of St. Cyril and St. Yulita,Plovdiv,Gorni Voden Asenovgrad,"NIICH, 2021",2,Mortared mixed masonry (stone + brick),1,9,7,3,7,9,7,7,1,1,5,1,3,4.448766,Moderate,0,0.518104,0.604386039628,Not statistically significant,0,4.447187,0.049801,1.1198,4.298227,4.572179,100,3.883275,Low,0.565491,0.565491,1
SITE_0158,Diocletionopolis,Plovdiv,Hisarya,"NIICH, 2021",3,Mortared stone masonry,1,5,1,3,9,7,5,5,1,1,1,,1,1.66997,Very Low,-3,-3.785278,0.000153536803,Cold spot with 99% confidence,0,1.671074,0.038528,2.3056,1.575782,1.763998,100,2.146391,Low,-0.476421,0.476421,-1
SITE_0159,Hisarya Basilica 1,Plovdiv,Hisarya,"NIICH, 2021",1,Mortared mixed masonry (stone + brick),1,5,1,3,9,7,5,5,1,1,1,,3,2.661085,Low,-3,-3.785278,0.000153536803,Cold spot with 99% confidence,0,2.660132,0.054521,2.0496,2.532922,2.800557,100,2.402627,Low,0.258459,0.258459,0
SITE_0160,Hisarya Basilica 3,Plovdiv,Hisarya,"NIICH, 2021",1,Mortared mixed masonry (stone + brick),1,5,1,3,9,7,5,5,1,1,1,,3,2.661085,Low,-3,-3.785278,0.000153536803,Cold spot with 99% confidence,0,2.660132,0.054521,2.0496,2.532922,2.800557,100,2.402627,Low,0.258459,0.258459,0
SITE_0161,Hisarya Basilica 8,Plovdiv,Hisarya,"Archaeological Museum Hisarya, n.d.-a; Google, n.d.",1,Mortared mixed masonry (stone + brick),1,5,1,3,9,7,5,5,1,1,1,,3,2.661085,Low,-3,-3.785278,0.000153536803,Cold spot with 99% confidence,0,2.660132,0.054521,2.0496,2.532922,2.800557,100,2.402627,Low,0.258459,0.258459,0
SITE_0162,Hisarya Fortress walls,Plovdiv,Hisarya,"NIICH, 2021",1,Mortared stone masonry,1,5,1,3,9,7,5,5,1,1,1,,1,2.288975,Low,-3,-3.785278,0.000153536803,Cold spot with 99% confidence,0,2.288595,0.058042,2.5361,2.150894,2.442548,100,2.146391,Low,0.142584,0.142584,0
SITE_0163,Hisarya Roman Baths,Plovdiv,Hisarya,"Archaeological Museum Hisarya, n.d.-b; Google, n.d.",3,Mortared stone masonry,1,5,1,3,9,7,5,5,1,1,1,,1,1.66997,Very Low,-3,-3.785278,0.000153536803,Cold spot with 99% confidence,0,1.671074,0.038528,2.3056,1.575782,1.763998,100,2.146391,Low,-0.476421,0.476421,-1
SITE_0164,Stone of Tsar Asen,Plovdiv,Krichim,"NIICH, 2021",3,Mortared stone masonry,1,7,1,3,9,9,5.8,5,5,1,5,1,1,3.675777,Low,0,-0.778467,0.436293887695,Not statistically significant,0,3.67424,0.050696,1.3798,3.53156,3.820267,100,3.259187,Low,0.41659,0.41659,0
SITE_0165,Monastery of Saints Cosmas and Damian,Plovdiv,Kuklen,"NIICH, 2021",3,Mortared mixed masonry (stone + brick),1,9,7,5,9,9,7.8,7,1,1,7,5,3,5.434693,Moderate,0,0.518104,0.604386039628,Not statistically significant,0,5.432902,0.059514,1.0954,5.272436,5.578682,100,4.629965,Moderate,0.804727,0.804727,0
SITE_0166,Maltepe,Plovdiv,Manole,"Google, n.d.",1,Earthwork (earthen burial mound),3,9,5,5,9,9,7.4,7,5,3,1,1,7,4.491374,Moderate,0,-0.839349,0.401273758747,Not statistically significant,0,4.488168,0.062516,1.3929,4.299532,4.667494,100,4.010521,Moderate,0.480852,0.480852,0
SITE_0167,Red Church,Plovdiv,Perushtitsa,"NIICH, 2021",1,Mortared mixed masonry (stone + brick),1,9,1,5,7,9,6.2,7,1,1,1,5,3,3.454841,Low,0,-0.181853,0.855698334445,Not statistically significant,0,3.454086,0.074865,2.1674,3.271832,3.658017,100,3.094712,Low,0.36013,0.36013,0
SITE_0168,Ancient Theatre of Philippopolis,Plovdiv,Plovdiv,"NIICH, 2021",3,Mortared stone masonry,1,9,5,5,9,9,7.4,7,3,5,1,,1,2.697645,Low,0,-0.898268,0.369042539479,Not statistically significant,0,2.700318,0.072931,2.7008,2.505518,2.883944,100,3.890155,Low,-1.192511,1.192511,0
SITE_0169,Domus Eirene,Plovdiv,Plovdiv,"NIICH, 2021; ARIADNE Research Infrastructure, n.d.",1,Mortared stone masonry,1,9,5,5,9,9,7.4,7,3,5,1,,1,4.289624,Moderate,0,-0.665184,0.505932652537,Not statistically significant,0,4.28825,0.067359,1.5708,4.101297,4.466388,100,3.890155,Low,0.399469,0.399469,1
SITE_0170,East Gate Philippopolis,Plovdiv,Plovdiv,"NIICH, 2021",1,Mortared stone masonry,1,9,5,5,9,9,7.4,7,5,5,1,,1,4.356811,Moderate,0,-1.255216,0.209400549345,Not statistically significant,0,4.355298,0.066618,1.5296,4.164587,4.535984,100,3.973356,Low,0.383455,0.383455,1
SITE_0171,Episcopal Great Basilica,Plovdiv,Plovdiv,"NIICH, 2021",1,Mortared mixed masonry (stone + brick),1,9,5,5,9,9,7.4,7,1,5,1,,3,4.594547,Moderate,0,-0.562854,0.57353401126,Not statistically significant,0,4.592739,0.055998,1.2193,4.446564,4.734854,100,4.063191,Moderate,0.531357,0.531357,0
SITE_0172,Hellenistic buildings,Plovdiv,Plovdiv,"NIICH, 2021",1,Earthwork / early stone construction,1,9,5,5,9,9,7.4,7,1,5,1,,7,5.338768,Moderate,0,-0.665184,0.505932652537,Not statistically significant,0,5.335813,0.05024,0.9416,5.189675,5.482588,100,4.575662,Moderate,0.763106,0.763106,0
SITE_0173,Hisarya Kapia,Plovdiv,Plovdiv,"NIICH, 2021",1,Mortared stone masonry,1,9,5,5,9,9,7.4,7,5,5,1,,1,4.356811,Moderate,0,-1.357545,0.174607989781,Not statistically significant,0,4.355298,0.066618,1.5296,4.164587,4.535984,100,3.973356,Low,0.383455,0.383455,1
SITE_0174,Inner Fortress wall of Philippopolis,Plovdiv,Plovdiv,"NIICH, 2021",3,Mortared stone masonry,1,9,5,5,9,9,7.4,7,5,5,1,,1,2.790066,Low,0,-1.357545,0.174607989781,Not statistically significant,0,2.793042,0.0749,2.6817,2.600449,2.981092,100,3.973356,Low,-1.18329,1.18329,0
SITE_0175,Minor Basilica,Plovdiv,Plovdiv,"Google, n.d.",1,Mortared mixed masonry (stone + brick),1,9,5,5,9,9,7.4,7,3,5,1,,3,4.661735,Moderate,0,-0.777462,0.436886180694,Not statistically significant,0,4.659787,0.054833,1.1767,4.515329,4.80445,100,4.146391,Moderate,0.515343,0.515343,0
SITE_0176,Nebet Tepe,Plovdiv,Plovdiv,"NIICH, 2021",1,Mortared stone masonry,1,9,5,5,9,9,7.4,7,5,5,1,,1,4.356811,Moderate,0,-1.357545,0.174607989781,Not statistically significant,0,4.355298,0.066618,1.5296,4.164587,4.535984,100,3.973356,Low,0.383455,0.383455,1
SITE_0177,Outer Fortress wall of Philippopolis,Plovdiv,Plovdiv,"NIICH, 2021",1,Mortared stone masonry,1,9,5,5,9,9,7.4,7,5,5,1,,1,4.356811,Moderate,0,-1.255216,0.209400549345,Not statistically significant,0,4.355298,0.066618,1.5296,4.164587,4.535984,100,3.973356,Low,0.383455,0.383455,1
SITE_0178,Peristyle building and street intersection,Plovdiv,Plovdiv,"NIICH, 2021",1,Mortared stone masonry,1,9,5,5,9,9,7.4,7,3,5,1,,1,4.289624,Moderate,0,-0.665184,0.505932652537,Not statistically significant,0,4.28825,0.067359,1.5708,4.101297,4.466388,100,3.890155,Low,0.399469,0.399469,1
SITE_0179,Philippopolis Roman Baths I,Plovdiv,Plovdiv,"Mahlelieva, 2022",1,Mortared stone masonry,1,9,5,5,9,9,7.4,7,3,5,1,,1,4.289624,Moderate,0,-0.935221,0.349674424666,Not statistically significant,0,4.28825,0.067359,1.5708,4.101297,4.466388,100,3.890155,Low,0.399469,0.399469,1
SITE_0180,Remains of Fortress wall of Philippopolis,Plovdiv,Plovdiv,"NIICH, 2021",1,Mortared stone masonry,1,9,5,5,9,9,7.4,7,3,5,1,,1,4.289624,Moderate,0,-0.665184,0.505932652537,Not statistically significant,0,4.28825,0.067359,1.5708,4.101297,4.466388,100,3.890155,Low,0.399469,0.399469,1
SITE_0181,Roman Forum of Philippopolis,Plovdiv,Plovdiv,"NIICH, 2021",1,Mortared stone masonry,1,9,5,5,9,9,7.4,7,1,5,1,,1,4.222437,Moderate,0,-0.665184,0.505932652537,Not statistically significant,0,4.221202,0.068377,1.6199,4.038007,4.396792,100,3.806955,Low,0.415482,0.415482,1
SITE_0182,Roman Stadium of Philippopolis,Plovdiv,Plovdiv,"NIICH, 2021",1,Mortared stone masonry,1,9,5,5,9,9,7.4,7,3,5,1,,1,4.289624,Moderate,0,-1.394498,0.163167250455,Not statistically significant,0,4.28825,0.067359,1.5708,4.101297,4.466388,100,3.890155,Low,0.399469,0.399469,1
SITE_0183,Spas Bair hill,Plovdiv,Shishmantsi,"ARIADNE Research Infrastructure, n.d.",1,Mortared stone masonry,1,9,5,5,7,9,7,7,1,3,1,5,1,3.703224,Low,0,-0.450423,0.652405278968,Not statistically significant,0,3.702676,0.065642,1.7728,3.538768,3.884747,100,3.365278,Low,0.337946,0.337946,0
SITE_0184,Belintash,Plovdiv,Sini Vrah,"NIICH, 2021",2,Rock-cut / bedrock construction,2,7,5,3,9,9,6.6,7,1,1,9,3,5,6.4868,High,1,1.830808,0.06712920079,Hot spot with 90% confidence,0,6.483963,0.082174,1.2673,6.255607,6.677727,100,5.265432,Moderate,1.221368,1.221368,1
SITE_0185,Chetinyova Mogila,Plovdiv,Starosel,"NIICH, 2021",3,Earthwork / early stone construction,1,5,1,3,9,5,4.6,5,1,1,7,7,7,5.684728,Moderate,-3,-3.785278,0.000153536803,Cold spot with 99% confidence,0,5.683156,0.054093,0.9518,5.53896,5.832597,100,4.690277,Moderate,0.994451,0.994451,0
SITE_0186,Horizon mound,Plovdiv,Starosel,"ARIADNE Research Infrastructure, n.d.",1,Earthwork (earthen burial mound),3,5,1,3,9,5,4.6,5,1,1,1,1,7,3.193413,Low,-3,-3.785278,0.000153536803,Cold spot with 99% confidence,0,3.191129,0.06307,1.9764,2.997677,3.383292,100,2.802615,Low,0.390799,0.390799,0
SITE_0187,Royal tomb,Plovdiv,Starosel,"Google, n.d.",1,Earthwork (earthen burial mound),3,5,1,3,9,5,4.6,5,1,1,7,7,7,4.465347,Moderate,-3,-3.785278,0.000153536803,Cold spot with 99% confidence,0,4.467183,0.067471,1.5104,4.29487,4.647232,100,4.690277,Moderate,-0.22493,0.22493,0
SITE_0188,Church of St. Nicholas,Plovdiv,Taksim Tepe,"NIICH, 2021",1,Mortared mixed masonry (stone + brick),1,9,5,5,9,9,7.4,7,3,5,1,,3,4.661735,Moderate,0,-0.646708,0.517821012023,Not statistically significant,0,4.659787,0.054833,1.1767,4.515329,4.80445,100,4.146391,Moderate,0.515343,0.515343,0
SITE_0189,Chintulovo mound,Sliven,Chintulovo,"NIICH, 2021",1,Earthwork (earthen burial mound),3,3,3,3,9,9,5.4,5,1,1,3,3,7,3.617391,Low,0,0.845474,0.397846448713,Not statistically significant,0,3.616481,0.059528,1.646,3.455758,3.784863,100,3.431836,Low,0.185556,0.185556,0
SITE_0190,Nanchovata Mogila,Sliven,Chintulovo,"NIICH, 2021",1,Earthwork (earthen burial mound),3,3,3,3,9,9,5.4,5,3,1,3,5,7,3.854848,Low,0,0.06049,0.951765755955,Not statistically significant,0,3.854092,0.060365,1.5663,3.709167,4.014164,99.6,3.627619,Low,0.227229,0.227229,0
SITE_0191,Dyadovo settlement,Sliven,Dyadovo,"NIICH, 2021",1,Mortared mixed masonry (stone + brick),1,3,1,5,9,7,5,5,1,5,3,,3,4.221788,Moderate,0,1.318151,0.18745294014,Not statistically significant,0,4.221405,0.026603,0.6302,4.143909,4.293931,100,4.03368,Moderate,0.188108,0.188108,0
SITE_0192,Kaloyanovo Mound I,Sliven,Kaloyanovo,"NIICH, 2021",1,Earthwork (earthen burial mound),3,3,5,5,7,9,5.8,5,1,3,5,3,7,4.452893,Moderate,0,0.219253,0.826452660788,Not statistically significant,0,4.452673,0.036896,0.8286,4.347613,4.562284,100,4.455338,Moderate,-0.002445,0.002445,0
SITE_0193,Kaloyanovo Mound II,Sliven,Kaloyanovo,"NIICH, 2021",1,Earthwork (earthen burial mound),3,3,5,5,7,9,5.8,5,1,3,5,3,7,4.452893,Moderate,0,0.219253,0.826452660788,Not statistically significant,0,4.452673,0.036896,0.8286,4.347613,4.562284,100,4.455338,Moderate,-0.002445,0.002445,0
SITE_0194,Kaloyanovo Mound III,Sliven,Kaloyanovo,"NIICH, 2021",1,Earthwork (earthen burial mound),3,3,5,5,7,9,5.8,5,1,3,5,5,7,4.629081,Moderate,0,0.219253,0.826452660788,Not statistically significant,0,4.629158,0.036881,0.7967,4.539203,4.726561,100,4.572808,Moderate,0.056274,0.056274,0
SITE_0195,Kaloyanovo Tumulus,Sliven,Kaloyanovo,"NIICH, 2021",1,Earthwork (earthen burial mound),3,3,5,5,7,9,5.8,5,1,3,5,5,7,4.629081,Moderate,0,0.219253,0.826452660788,Not statistically significant,0,4.629158,0.036881,0.7967,4.539203,4.726561,100,4.572808,Moderate,0.056274,0.056274,0
SITE_0196,Kamen mogila,Sliven,Kamen,"ARIADNE Research Infrastructure, n.d.",1,Earthwork (earthen burial mound),2,3,5,5,5,9,5.4,5,1,7,7,3,7,5.876107,Moderate,0,0.219253,0.826452660788,Not statistically significant,0,5.876191,0.031914,0.5431,5.778514,5.958793,100,5.990591,Moderate,-0.114484,0.114484,0
SITE_0197,Kota 255,Sliven,Karanovo,"ARIADNE Research Infrastructure, n.d.",1,Mortared stone masonry,1,3,1,3,9,9,5,5,1,5,9,5,1,4.694384,Moderate,1,1.735017,0.082737849618,Hot spot with 90% confidence,0,4.698006,0.048925,1.0414,4.560233,4.810319,100,5.384504,Moderate,-0.690121,0.690121,0
SITE_0198,Prehistoric Wide Mound,Sliven,Karanovo,"NIICH, 2021",1,Earthwork / earthen architecture,2,3,1,3,9,9,5,5,1,5,5,5,9,5.556123,Moderate,1,1.761409,0.078169128322,Hot spot with 90% confidence,0,5.555221,0.037294,0.6713,5.460777,5.661155,100,5.325744,Moderate,0.230379,0.230379,0
SITE_0199,Roman Karanovo mound,Sliven,Karanovo,"ARIADNE Research Infrastructure, n.d.",1,Earthwork (earthen burial mound),2,3,1,3,9,9,5,5,1,5,5,3,7,5.040605,Moderate,1,1.735017,0.082737849618,Hot spot with 90% confidence,0,5.039999,0.022661,0.4496,4.981429,5.105374,100,4.967089,Moderate,0.073516,0.073516,0
SITE_0200,Tell Karanovo,Sliven,Karanovo,"Google, n.d.",1,Earthwork / earthen architecture,1,3,1,3,9,9,5,5,1,5,1,,9,5.066391,Moderate,1,1.761409,0.078169128322,Hot spot with 90% confidence,0,5.063052,0.053927,1.0651,4.930084,5.196508,100,4.258702,Moderate,0.807689,0.807689,0
SITE_0201,Boz Bair,Sliven,Nova Zagora,"Georgiev et al., 2020",1,Earthwork / early stone construction,1,3,3,5,9,9,5.8,5,1,7,3,1,7,5.204339,Moderate,0,0.94733,0.34347058676,Not statistically significant,0,5.201974,0.044586,0.8571,5.074909,5.319821,100,4.849619,Moderate,0.35472,0.35472,0
SITE_0202,Boz Bair mound I,Sliven,Nova Zagora,"Georgiev et al., 2020",1,Earthwork (earthen burial mound),3,3,3,5,9,9,5.8,5,1,7,3,5,7,5.556715,Moderate,0,0.94733,0.34347058676,Not statistically significant,0,5.554944,0.035509,0.6392,5.442369,5.649203,100,5.084559,Moderate,0.472156,0.472156,0
SITE_0203,Boz Bair mound II,Sliven,Nova Zagora,"Georgiev et al., 2020",1,Earthwork (earthen burial mound),3,3,3,5,9,9,5.8,5,1,7,5,5,7,5.804505,Moderate,0,0.94733,0.34347058676,Not statistically significant,0,5.80381,0.028768,0.4957,5.711309,5.883896,100,5.59631,Moderate,0.208195,0.208195,0
SITE_0204,Tuida Fortress,Sliven,Sliven town,"NIICH, 2021",1,Mortared stone masonry,1,3,3,5,7,9,5.4,5,1,1,7,7,1,3.447358,Low,0,0.029093,0.976790181252,Not statistically significant,0,3.450973,0.06247,1.8102,3.298724,3.643689,100,3.966721,Low,-0.519363,0.519363,0
SITE_0205,Sokol Himitliyata,Sliven,Sokol,"Leshtakov, 2021; Google, n.d.",1,Earthwork (earthen burial mound),2,3,5,5,9,7,5.8,5,1,5,1,1,7,4.368837,Moderate,1,1.671885,0.09454708855,Hot spot with 90% confidence,0,4.365782,0.042427,0.9718,4.237213,4.483921,100,3.826117,Low,0.54272,0.54272,1
SITE_0206,Staro Selo Mogila,Sliven,Staro Selo,"ARIADNE Research Infrastructure, n.d.",1,Earthwork (earthen burial mound),2,3,3,3,9,9,5.4,5,1,7,5,7,7,5.980693,Moderate,0,1.139157,0.254637882147,Not statistically significant,3,5.980295,0.028476,0.4762,5.886018,6.062918,74.8,5.71378,Moderate,0.266913,0.266913,0
SITE_0207,Tvarditsa Fortress,Sliven,Tvarditsa,"NIICH, 2021",3,Mortared stone masonry,1,3,1,5,7,9,5,5,1,1,9,3,1,5.708531,Moderate,0,1.100798,0.270984761751,Not statistically significant,0,5.704471,0.106348,1.8643,5.455019,5.944067,100,4.243532,Moderate,1.464999,1.464999,0
SITE_0208,Gela Basilica,Smolyan,Gela,"Google, n.d.",2,Mortared mixed masonry (stone + brick),1,7,3,3,9,3,5,5,1,1,9,3,3,5.829137,Moderate,0,0.877874,0.380012293293,Not statistically significant,0,5.825879,0.095838,1.645,5.591512,6.064582,97,4.484718,Moderate,1.34442,1.34442,0
SITE_0209,Gradishte Fortress,Smolyan,Gela,"NIICH, 2021",2,Mortared stone masonry,1,5,3,3,9,3,4.6,5,1,1,9,5,1,5.74097,Moderate,0,0.877874,0.380012293293,Not statistically significant,0,5.737337,0.099283,1.7305,5.496455,5.98726,100,4.361002,Moderate,1.379968,1.379968,0
SITE_0210,Momchilova Fortress,Smolyan,Gradat,"NIICH, 2021",2,Mortared stone masonry,1,5,3,3,9,3,4.6,5,1,1,7,5,1,4.840475,Moderate,2,2.383677,0.017140659251,Hot spot with 95% confidence,0,4.837773,0.068914,1.4245,4.65686,5.011396,100,3.849251,Low,0.991224,0.991224,1
SITE_0211,Kaleto Fortress Koshnitsa,Smolyan,Koshnitsa,"Bulgarian Castles, n.d.",2,Mortared stone masonry,1,5,3,3,9,3,4.6,5,1,1,7,1,1,4.691598,Moderate,0,1.112437,0.265950440665,Not statistically significant,0,4.688666,0.071467,1.5242,4.490085,4.858263,100,3.614311,Low,1.077286,1.077286,1
SITE_0212,Uleya Cave,Smolyan,Koshnitsa,"Damyanov, 2017",3,Rock-cut / bedrock construction,2,5,3,3,9,3,4.6,5,1,1,5,5,5,4.317335,Moderate,0,1.112437,0.265950440665,Not statistically significant,0,4.316518,0.03337,0.7731,4.218018,4.409038,100,3.819871,Low,0.497464,0.497464,1
SITE_0213,St. Ilia Fortress,Smolyan,Yagodina,"Bulgarian Castles, n.d.",2,Mortared stone masonry,1,5,1,3,7,7,4.6,5,1,1,7,5,1,4.840475,Moderate,0,0.836933,0.40263043571,Not statistically significant,0,4.837773,0.068914,1.4245,4.65686,5.011396,100,3.849251,Low,0.991224,0.991224,1
SITE_0214,Yagodinska Cave,Smolyan,Yagodina,"Google, n.d.",3,Rock-cut / bedrock construction,2,5,1,3,7,7,4.6,5,1,1,5,1,5,3.795393,Low,0,0.836933,0.40263043571,Not statistically significant,0,3.793376,0.048587,1.2808,3.65889,3.907775,100,3.584931,Low,0.210461,0.210461,0
SITE_0215,Tyovnata dupka,Smolyan,Zabardo,"NIICH, 2021",2,Rock-cut / bedrock construction,2,7,3,3,7,5,5,5,1,1,7,5,5,5.165687,Moderate,0,1.501527,0.13321936218,Not statistically significant,0,5.163965,0.060507,1.1717,5.013749,5.310914,100,4.331622,Moderate,0.834065,0.834065,0
SITE_0216,Bratya Daskalovi mound,Stara Zagora,Bratya Daskalovi,"ARIADNE Research Infrastructure, n.d.",1,Earthwork (earthen burial mound),2,9,3,3,5,9,5.8,5,1,3,3,,7,4.321521,Moderate,0,-0.642349,0.520646805187,Not statistically significant,0,4.320323,0.041479,0.9601,4.19978,4.446847,100,4.002466,Moderate,0.319055,0.319055,0
SITE_0217,Momina Mogila,Stara Zagora,Bratya Daskalovi,"NIICH, 2021; ARIADNE Research Infrastructure, n.d.",1,Earthwork (earthen burial mound),3,9,3,3,5,9,5.8,5,1,3,5,5,7,4.629081,Moderate,0,0.048471,0.961341233083,Not statistically significant,0,4.629158,0.036881,0.7967,4.539203,4.726561,100,4.572808,Moderate,0.056274,0.056274,0
SITE_0218,Buzovo Kale,Stara Zagora,Buzovgrad,"NIICH, 2021",2,Mortared stone masonry,1,3,1,3,7,9,4.6,5,3,1,7,1,1,4.766036,Moderate,0,-0.935447,0.349558015277,Not statistically significant,0,4.763131,0.06962,1.4616,4.574172,4.925977,100,3.692625,Low,1.073412,1.073412,1
SITE_0219,Thracian domed tomb,Stara Zagora,Buzovgrad,"NIICH, 2021",1,Earthwork (earthen burial mound),3,3,1,3,7,9,4.6,5,5,1,7,5,7,4.411696,Moderate,0,-0.935447,0.349558015277,Not statistically significant,0,4.41295,0.065032,1.4737,4.241856,4.579396,100,4.729434,Moderate,-0.317738,0.317738,0
SITE_0220,Pizus Fortress,Stara Zagora,Dimitrievo,"NIICH, 2021; ARIADNE Research Infrastructure, n.d.",1,Mortared stone masonry,1,9,3,3,7,9,6.2,7,1,5,1,3,1,4.114748,Moderate,2,2.234791,0.025431081201,Hot spot with 95% confidence,0,4.113517,0.06401,1.5561,3.939385,4.285004,97,3.759559,Low,0.355189,0.355189,1
SITE_0221,Tomb of Kazanlak,Stara Zagora,Kazanlak,"NIICH, 2021",2,Earthwork (earthen burial mound),3,3,1,3,7,9,4.6,5,1,1,5,1,7,4.278922,Moderate,0,-0.935447,0.349558015277,Not statistically significant,0,4.278391,0.037659,0.8802,4.167276,4.377421,100,3.826117,Low,0.452805,0.452805,1
SITE_0222,Kran Fortress,Stara Zagora,Kran,"Bulgarian Castles, n.d.",3,Mortared stone masonry,1,3,1,3,7,9,4.6,5,1,1,7,5,1,5.003249,Moderate,0,-1.043826,0.296566141128,Not statistically significant,0,5.001128,0.067443,1.3486,4.828447,5.171723,100,3.849251,Low,1.153998,1.153998,1
SITE_0223,Kesteleva Mogila,Stara Zagora,Maglizh,"ARIADNE Research Infrastructure, n.d.",1,Earthwork (earthen burial mound),3,3,1,3,7,9,4.6,5,1,1,5,1,7,3.688993,Low,0,-0.935447,0.349558015277,Not statistically significant,0,3.688861,0.061006,1.6538,3.520827,3.867192,100,3.826117,Low,-0.137124,0.137124,0
SITE_0224,Malak Dol mound,Stara Zagora,Malak Dol,"ARIADNE Research Infrastructure, n.d.",1,Earthwork (earthen burial mound),3,9,3,3,5,9,5.8,5,1,3,3,3,7,4.205103,Moderate,0,-0.642349,0.520646805187,Not statistically significant,0,4.203807,0.038214,0.909,4.086546,4.321053,100,3.943587,Low,0.261516,0.261516,1
SITE_0225,Karasura,Stara Zagora,Rupkite,"ARIADNE Research Infrastructure, n.d.",1,Mortared stone masonry,1,9,3,3,5,9,5.8,5,1,5,1,1,1,3.350848,Low,0,0.749137,0.453774421107,Not statistically significant,0,3.349572,0.050602,1.5107,3.200935,3.48952,100,3.10256,Low,0.248287,0.248287,0
SITE_0226,Tomb of Sashnova,Stara Zagora,Sheinovo,"NIICH, 2021",1,Earthwork (earthen burial mound),3,3,1,3,7,9,4.6,5,1,1,1,5,7,3.545789,Low,-1,-1.808172,0.070579746371,Cold spot with 90% confidence,0,3.5441,0.062983,1.7771,3.375193,3.731066,100,3.037554,Low,0.508235,0.508235,0
SITE_0227,Golyama Arsenalka tomb,Stara Zagora,Shipka,"NIICH, 2021",1,Earthwork (earthen burial mound),3,3,1,3,7,9,4.6,5,1,1,1,1,7,3.193413,Low,-1,-1.808172,0.070579746371,Cold spot with 90% confidence,0,3.191129,0.06307,1.9764,2.997677,3.383292,100,2.802615,Low,0.390799,0.390799,0
SITE_0228,Mezideva Fortress,Stara Zagora,Shipka,"Bulgarian Castles, n.d.",2,Mortared stone masonry,1,3,1,3,7,9,4.6,5,1,1,7,1,1,4.691598,Moderate,0,-1.043826,0.296566141128,Not statistically significant,0,4.688666,0.071467,1.5242,4.490085,4.858263,100,3.614311,Low,1.077286,1.077286,1
SITE_0229,Ostrusha tomb,Stara Zagora,Shipka,"NIICH, 2021",3,Earthwork (earthen burial mound),3,3,1,3,7,9,4.6,5,1,1,3,5,7,3.491252,Low,0,-1.043826,0.296566141128,Not statistically significant,0,3.491757,0.031175,0.8928,3.392571,3.595217,100,3.549305,Low,-0.058054,0.058054,0
SITE_0230,Sarafova Mogila,Stara Zagora,Shipka,"NIICH, 2021",1,Earthwork (earthen burial mound),3,3,1,3,7,9,4.6,5,1,1,3,1,7,3.441203,Low,0,-1.043826,0.296566141128,Not statistically significant,0,3.439995,0.06047,1.7578,3.267,3.61967,100,3.314366,Low,0.126838,0.126838,0
SITE_0231,Tomb of Helvetia,Stara Zagora,Shipka,"NIICH, 2021",1,Earthwork (earthen burial mound),3,3,1,3,7,9,4.6,5,1,1,3,,7,3.677034,Low,0,-1.493076,0.135417220842,Not statistically significant,0,3.676169,0.065416,1.7795,3.503255,3.8596,100,3.458782,Low,0.218252,0.218252,0
SITE_0232,Tomb of Malka Kosmatka,Stara Zagora,Shipka,"Google, n.d.",1,Earthwork (earthen burial mound),3,3,1,3,7,9,4.6,5,1,1,3,5,7,3.793579,Low,0,-1.493076,0.135417220842,Not statistically significant,0,3.792966,0.06048,1.5945,3.644516,3.95875,100,3.549305,Low,0.244274,0.244274,0
SITE_0233,Tomb of Seuthes III,Stara Zagora,Shipka,"NIICH, 2021",1,Earthwork (earthen burial mound),3,3,1,3,7,9,4.6,5,1,1,3,5,7,3.793579,Low,-1,-1.808172,0.070579746371,Cold spot with 90% confidence,0,3.792966,0.06048,1.5945,3.644516,3.95875,100,3.549305,Low,0.244274,0.244274,0
SITE_0234,Tomb of Shushmanets,Stara Zagora,Shipka,"NIICH, 2021",3,Earthwork (earthen burial mound),3,3,1,3,7,9,4.6,5,1,1,7,,7,5.487349,Moderate,0,-0.995374,0.319554370148,Not statistically significant,0,5.484817,0.065601,1.1961,5.309519,5.649158,100,4.546151,Moderate,0.941198,0.941198,0
SITE_0235,Tomb of Svetitzata,Stara Zagora,Shipka,"NIICH, 2021",1,Earthwork (earthen burial mound),3,3,1,3,7,9,4.6,5,1,1,1,5,7,3.545789,Low,0,-1.043826,0.296566141128,Not statistically significant,0,3.5441,0.062983,1.7771,3.375193,3.731066,100,3.037554,Low,0.508235,0.508235,0
SITE_0236,Tomb of The Griffins,Stara Zagora,Shipka,"NIICH, 2021",1,Earthwork (earthen burial mound),3,3,1,3,7,9,4.6,5,1,1,3,3,7,3.617391,Low,-1,-1.808172,0.070579746371,Cold spot with 90% confidence,0,3.616481,0.059528,1.646,3.455758,3.784863,100,3.431836,Low,0.185556,0.185556,0
SITE_0237,Augusta Traiana Vereia,Stara Zagora,Stara Zagora,"NIICH, 2021",1,Mortared stone masonry,1,5,1,3,7,9,5,5,1,3,1,,1,2.933462,Low,0,-1.074706,0.282506538495,Not statistically significant,0,2.93275,0.046149,1.5736,2.82086,3.05088,100,2.690075,Low,0.243387,0.243387,0
SITE_0238,Neolithic dwellings,Stara Zagora,Stara Zagora,"NIICH, 2021",1,Earthwork / earthen architecture,1,5,1,3,7,9,5,5,1,1,7,,9,4.5926,Moderate,0,-1.330252,0.183435283922,Not statistically significant,0,4.593632,0.082807,1.8026,4.385926,4.809935,100,4.802386,Moderate,-0.209787,0.209787,0
SITE_0239,Bereket Mound,Stara Zagora,Stara Zagora,"NIICH, 2021",1,Earthwork / earthen architecture,2,5,1,3,7,9,5,5,1,1,1,1,9,3.532743,Low,-1,-1.801087,0.071689159192,Cold spot with 90% confidence,0,3.529866,0.075316,2.1337,3.302393,3.752933,100,3.0438,Low,0.488943,0.488943,0
SITE_0240,Roman mineral baths,Stara Zagora,Starozagorski Bani,"NIICH, 2021",1,Mortared stone masonry,1,3,1,3,5,9,4.2,5,1,1,3,,1,2.560702,Low,-1,-1.816195,0.069340526046,Cold spot with 90% confidence,0,2.561558,0.056343,2.1996,2.424,2.711881,100,2.690075,Low,-0.129373,0.129373,0
SITE_0241,Fortress Zemlen,Stara Zagora,Zemlen,"NIICH, 2021; ARIADNE Research Infrastructure, n.d.",1,Mortared stone masonry,1,7,1,3,9,9,5.8,5,1,9,1,3,1,4.702459,Moderate,0,-0.500828,0.6164921939,Not statistically significant,0,4.700709,0.08474,1.8027,4.498098,4.934146,100,4.243532,Moderate,0.458927,0.458927,0
SITE_0242,Cheir maj Kaleto,Stara Zagora,Zlatna Livada,"ARIADNE Research Infrastructure, n.d.",1,Mortared stone masonry,1,9,3,3,7,7,5.8,5,5,9,3,3,1,5.072786,Moderate,3,2.719651,0.006535094061,Hot spot with 99% confidence,0,5.071828,0.078553,1.5488,4.88465,5.27389,100,4.91191,Moderate,0.160876,0.160876,0
SITE_0243,Hisara Fortress,Stara Zagora,Zlatna Livada,"ARIADNE Research Infrastructure, n.d.",1,Mortared stone masonry,1,9,3,3,7,7,5.8,5,3,9,5,,1,5.477567,Moderate,2,2.234791,0.025431081201,Hot spot with 95% confidence,0,5.478188,0.080331,1.4664,5.293467,5.677709,100,5.491698,Moderate,-0.014131,0.014131,0
SITE_0244,Monastery of St. Athanasius the Great,Stara Zagora,Zlatna Livada,"ARIADNE Research Infrastructure, n.d.",1,Mortared mixed masonry (stone + brick),1,9,3,3,7,7,5.8,5,5,9,3,,3,5.645137,Moderate,2,2.234791,0.025431081201,Hot spot with 95% confidence,0,5.64381,0.07072,1.2531,5.461735,5.829593,100,5.287449,Moderate,0.357688,0.357688,0
SITE_0245,Kaleto Fortress Bolyarovo,Yambol,Bolyarovo,"NIICH, 2021",1,Mortared stone masonry,1,1,1,3,5,9,3.8,3,1,9,3,1,1,4.18635,Moderate,0,1.452863,0.146261715917,Not statistically significant,1,4.18563,0.090235,2.1558,3.970762,4.408531,99.2,4.098285,Moderate,0.088065,0.088065,0
SITE_0246,Ancient Kabile,Yambol,Kabile,"NIICH, 2021",1,Mortared stone masonry,1,3,5,7,5,7,5.4,5,5,7,3,1,1,4.308886,Moderate,0,0.375769,0.707088651692,Not statistically significant,0,4.308016,0.060473,1.4037,4.149216,4.468775,100,4.282689,Moderate,0.026197,0.026197,0
SITE_0247,Roman residence,Yambol,Stroyno,"NIICH, 2021",1,Mortared stone masonry,1,1,1,3,7,9,4.2,5,1,9,1,5,1,4.878647,Moderate,0,1.340303,0.180146703483,Not statistically significant,0,4.877194,0.082272,1.6869,4.678494,5.106395,100,4.361002,Moderate,0.517645,0.517645,0
SITE_0248,Malkoto Kale Fortress,Yambol,Voden,"NIICH, 2021",1,Mortared stone masonry,1,1,3,3,5,7,3.8,3,1,9,5,1,1,4.43414,Moderate,0,1.173851,0.240454612054,Not statistically significant,0,4.434496,0.088706,2.0004,4.21293,4.647382,100,4.610036,Moderate,-0.175896,0.175896,0
SITE_0249,Dabilin Fortress,Yambol,Yambol,"NIICH, 2021",1,Mortared stone masonry,1,3,5,5,5,5,4.6,5,7,7,1,,1,4.423998,Moderate,0,0.487828,0.62567167336,Not statistically significant,0,4.422203,0.065499,1.4811,4.237595,4.591682,100,4.027045,Moderate,0.396954,0.396954,0
SITE_0250,Zaychi Vrah,Yambol,Zaychi Vrah,"Bulgarian Castles, n.d.",3,Mortared stone masonry,1,3,5,7,5,7,5.4,5,3,7,7,5,1,5.866524,Moderate,0,0.375769,0.707088651692,Not statistically significant,0,5.865182,0.039917,0.6806,5.759667,5.96841,100,5.462818,Moderate,0.403706,0.403706,0
