Site_ID,Site,C_DEM,C_Slope,C_Acos,C_Asin,C_RusLog,C_FlDist,C_x,C_y,Cluster_3,Cluster_4,Cluster_5,Cluster_6,Cluster_7
SITE_0001,Ahtopol Fortress,-1.00366089747,-0.572333605517,1.24011846886,-0.408361370168,0.0,-0.469274868852,0.131559273429,-0.0134584698418,1,1,2,2,2
SITE_0002,Kozareva Mogila,-0.784834041293,-0.829427850976,0.189368653516,-1.16761140499,-0.190769988898,0.592510171497,0.107346348332,0.0876970065408,1,1,2,2,2
SITE_0003,Poros Fortress,-1.05460919361,-0.639445991076,0.658994743049,-1.06639987706,0.0,-0.860332990023,0.100759820754,0.0502752833845,1,1,2,2,2
SITE_0004,Cape Akra settlement,-0.996988658437,-0.527045102286,-0.772052237025,-0.183268886555,0.0,-0.253750607856,0.110859786415,0.0530536777911,1,1,2,2,2
SITE_0005,Deultum,-1.02505664017,-0.988639656939,-0.975377407297,0.12304563963,0.0,-0.858434092248,0.0887584874795,0.0396864497759,1,1,2,2,2
SITE_0006,Gornoto Gradishte,-0.968699004054,-0.750211873858,0.303894731363,-1.16501578974,0.336737270851,-0.856512479684,0.0884070883748,0.0381892117827,1,1,2,2,2
SITE_0007,Antimovo Fortress,-0.230221762823,-0.686339946986,-0.513969032578,-0.953900301456,2.02551485533,-0.329764283915,0.0656303613844,0.0730114975619,1,1,1,1,1
SITE_0008,Poros Fortress wall,-1.032457664,-0.553071512738,-0.847814239004,0.618839311058,0.0,-0.86131718418,0.101055608107,0.0522987362557,1,1,2,2,2
SITE_0009,Dolmen Dragon house,-0.636641342941,-0.977646263234,0.0402826225929,0.528565478216,-1.24624408898,1.20019453039,0.118877563345,0.0251341151156,1,1,2,2,2
SITE_0010,Urdoviza Fortress,-1.00898917116,-0.77118232724,0.373133247171,-1.12505175595,0.0,0.78470231654,0.120918138709,0.0115209201392,1,1,2,2,2
SITE_0011,Gradishte Fortress II,-0.329505325787,-0.92919469097,-0.733393773507,-0.519597472475,1.41242061832,0.740681106606,0.0632919940764,0.114564143542,1,1,1,1,1
SITE_0012,Mishkova Niva,0.361583736046,-0.212869099835,-0.575599577297,-0.283364511331,-1.13106062411,0.302886599976,0.103042121107,-0.0414543220135,2,2,3,4,5
SITE_0013,Necropolis City of the dead,0.386326526119,-0.984664066113,1.2204691793,0.166009204308,-1.15942169008,0.133215795131,0.102010946532,-0.0366329741473,1,1,2,2,2
SITE_0014,Golyamoto Kale,-0.122195142819,-0.902012389096,0.481107085195,0.813294178928,-1.11037944935,0.958864344184,0.0936159148879,-0.00524109607277,1,1,2,2,2
SITE_0015,Church of Christ Pantokrator,-1.01470688475,-0.70625354878,0.948874551132,0.102109397347,0.0,1.66041840358,0.117519198048,0.0911246633341,1,1,2,2,3
SITE_0016,Church of St. John Aliturgetos,-1.02393843942,-0.201876596626,-0.891915729152,-0.168335683928,0.0,1.6637191309,0.117509049412,0.0908598139573,1,1,2,2,3
SITE_0017,Church of St. John the Baptist,-1.01681963184,-0.240663367143,1.15992191816,0.241921832814,0.0,1.66568098486,0.117565746715,0.0911909578179,1,1,2,2,3
SITE_0018,Church of St. Paraskeva,-1.00050161881,-0.623580026787,1.26083124682,0.401958879131,0.0,1.67671650725,0.117658871657,0.0912876340918,1,1,2,2,3
SITE_0019,Church of St. Stefan,-1.005431367,-0.319011361274,0.0925632749338,-1.13687738326,0.0,1.6615061326,0.11750405135,0.0909561140557,1,1,2,2,3
SITE_0020,Church of St. Theodore,-0.991253956928,-0.606476885504,-0.851510126597,-0.439365868451,0.0,1.70299543973,0.117865903104,0.0913532784313,1,1,2,2,3
SITE_0021,Church of St. Vlahara,-0.99687896642,-0.864127273439,0.720579063175,-0.616868761393,0.0,1.68790087677,0.117745724076,0.0912637598671,1,1,2,2,3
SITE_0022,Church of the Holy Archangels,-1.00893938767,-0.574786364982,0.968487334376,-0.754124137443,0.0,1.67410689611,0.117631870534,0.0913033401026,1,1,2,2,3
SITE_0023,Fortification of Mesembria Pontica,-1.03577534125,-0.574761152819,0.892093608232,-0.900867107968,0.0,1.63927666792,0.117355466624,0.0911491570921,1,1,2,2,3
SITE_0024,Foundations of Basilica Eliusa,-1.03195339166,0.854487890114,1.1406117285,0.814586663985,0.0,1.69998790184,0.117812868895,0.0915725607349,1,1,2,2,3
SITE_0025,Mesembria Terms,-1.02940733445,-0.115217103965,-0.212042177263,-1.0576006184,0.0,1.6668725127,0.117577586751,0.0912566997725,1,1,2,2,3
SITE_0026,Mesembria West St. John,-1.00734475548,-0.961637903096,0.593188959188,0.721842671125,0.0,1.58154444129,0.116864640139,0.0914012462598,1,1,2,2,3
SITE_0027,Stara Mitropolia,-1.005544456,-0.491802616503,1.04915932779,0.685283358286,0.0,1.68101261455,0.117690453591,0.091206376255,1,1,2,2,3
SITE_0028,Anchialos Building,-1.05170493885,-0.903370116964,-0.740388856327,-0.330405165059,-0.439342003371,0.313163152172,0.109444899426,0.0750985567581,1,1,2,2,2
SITE_0029,Anchialos Christian Church,-1.05344074133,-0.711501463358,0.69678060529,-0.127578980699,0.0,0.373620613936,0.110065511656,0.0738429886172,1,1,2,2,2
SITE_0030,Anchialos Church,-1.04545843413,-0.875456411902,0.019355253494,-0.188316969904,0.0,0.330551988087,0.109724047079,0.0736832505546,1,1,2,2,2
SITE_0031,Anchialos Fortification,-1.03520467346,-0.66365489953,0.120617318123,-0.650113537122,0.0,0.373630280552,0.110019936859,0.0744398277395,1,1,2,2,2
SITE_0032,Anchialos Necropolis,-1.05224694647,-1.05671365277,0.79455064211,-1.00874391859,0.0,0.394944701407,0.110240942659,0.0737580280358,1,1,2,2,2
SITE_0033,Pomorie tomb,-0.985848930585,0.276341261196,-0.867856706566,-0.0687083891374,0.188039604535,0.223521517247,0.108844835986,0.0737169432681,1,1,2,2,2
SITE_0034,Begliktash,-0.658485948792,-0.94933651015,-0.411790661301,-0.533193154352,-1.12559862947,1.28207771987,0.119946230268,0.0256049008958,1,1,2,2,2
SITE_0035,Chengerska mound,-0.884410775329,-0.686035842658,1.19654492167,-0.626537773062,-1.25905043478,1.2306008267,0.117999289335,0.0226133613576,1,1,2,2,3
SITE_0036,Mound Stamopolu,-1.03515939982,-0.172046655839,0.641679490673,0.626719339292,-1.26705486885,1.31686083504,0.119116845572,0.0199193683709,1,1,2,2,2
SITE_0037,Oriospotamo,-1.00333556589,-0.393490373627,0.482839467506,-1.16825326202,0.0,1.19480356142,0.119312087535,0.0297344550663,1,1,2,2,3
SITE_0038,Ranuli Fortress,-0.719836407952,1.53176228912,0.527389737856,-1.11903350293,-1.03313962962,1.05913099876,0.117868824713,0.0264484253182,1,1,2,2,3
SITE_0039,Thera Fortress foundation,-1.00516818165,-0.279055648006,-0.456441897783,-0.934149966314,-0.371418725443,1.46321716786,0.121481661117,0.0250469325133,1,1,2,2,3
SITE_0040,Rusokastro Fortress,-0.737061954814,0.277545100253,-0.617653629919,0.652807281692,-0.669992174305,0.25809412541,0.0807930382711,0.0584348255999,1,1,2,2,2
SITE_0041,Apollonia Pontica Cape Skamni,-1.0195108397,0.10937062068,0.680917608447,1.13798072875,0.0,0.36700789722,0.115556960861,0.0470367172332,1,1,2,2,2
SITE_0042,Apollonia Pontica Chapel,-1.03824709619,-0.412340723394,0.820776841491,0.773811650364,0.0,0.305935338303,0.11518459906,0.0464044572346,1,1,2,2,2
SITE_0043,Fortification of St. John Monastery,-1.0585965095,-0.902126094283,-0.483444519728,-0.0136946933812,0.0,0.151430235204,0.115046203879,0.0492684572651,1,1,2,2,2
SITE_0044,Island St. Kirik and St. Julita,-1.00761111615,-0.119761526834,-0.739173676659,0.358767680854,0.0,0.374386622931,0.11493782359,0.0471362723048,1,1,2,2,2
SITE_0045,Mesarite,-0.840967668202,-0.461844611284,-0.130795980434,-1.15749882079,-1.25669452636,0.186152159749,0.11471517842,0.0438239714881,1,1,2,2,2
SITE_0046,Monastery of St. John the Baptist,-1.0585965095,-1.2383108958,0.0,0.0,0.0,0.151430235204,0.115050563894,0.0492013194473,1,1,2,2,2
SITE_0047,Necropolis of Apollonia I,-0.967539799862,-0.669600294971,-0.951603191325,-0.0893540218788,0.0,0.375744829521,0.116168371336,0.042497227254,1,1,2,2,2
SITE_0048,Necropolis of Apollonia II,-1.03380415612,-0.24222429503,1.32570698038,-0.027969115453,0.0,0.342750132317,0.11598049818,0.0438516391,1,1,2,2,2
SITE_0049,Necropolis of Apollonia III,-0.961095350445,-0.964504743124,0.48892562204,-0.445474642657,0.0,0.510805298242,0.117306108808,0.0439520293426,1,1,2,2,2
SITE_0050,Sozopolis Southern Complex,-0.999399186785,-0.0212894956115,-0.812580913906,-0.432423212362,0.0,0.346925359982,0.115399818339,0.0469454094541,1,1,2,2,2
SITE_0051,Sozopolis Southern Fortification,-1.01388665699,0.848634438368,-0.191343349155,1.14974203541,0.0,0.329831121253,0.115303587078,0.0467241012104,1,1,2,2,2
SITE_0052,St. Marina Oikos,-0.882218348907,-0.542826580782,-0.78546640621,-0.615827261776,-1.22095802957,0.141401448722,0.114335005986,0.0435316657155,1,1,2,2,2
SITE_0053,Via sacra,-1.04716981592,-0.579684871257,1.36758717976,0.166226633189,0.0,0.309644222094,0.115695162854,0.0444169767485,1,1,2,2,2
SITE_0054,Aquae Calidae,-0.946000880601,-0.231070500763,-0.23403210239,0.600589640952,0.0,0.128164283958,0.0958842006798,0.0819511607579,1,1,2,2,2
SITE_0055,Alexandrovo Tomb,-0.262457567885,0.707227929654,-0.393007051883,0.99665568526,-0.281607229964,-0.53018889056,-0.0104853332756,-0.0362412386384,1,1,2,2,2
SITE_0056,Asara Shrine and Fortress,0.854733640622,-0.328443381845,-0.312315370878,0.677883036095,-0.115402434961,0.58784860977,-0.0414090653882,-0.0626813527523,1,1,2,2,2
SITE_0057,Dolmen Slavova Koriya,0.495760827385,-0.310122431851,0.232872264267,-1.20228352922,0.769684285285,0.83530283236,0.0219105478357,-0.029669273186,1,1,1,1,1
SITE_0058,Dolmen Gaidarov dolap,0.0768906731547,-0.302299370286,-0.411149111272,-1.0259023118,0.704279154123,0.863666187746,0.0218330716922,-0.0244194177975,1,1,1,1,1
SITE_0059,Deaf Stones,0.7481308061,1.36249105262,-0.964583659782,-0.010602411075,-1.18524513259,-0.240326398749,0.00321741184648,-0.0842363689733,2,2,3,4,5
SITE_0060,Cromlech,-0.103898449729,-0.844520976192,1.33532599923,0.0502191295447,-0.488408380188,-0.599449050467,-0.00607134506278,-0.092622631463,1,1,2,2,2
SITE_0061,Mound Dolno Botevo,-0.241637928456,-0.0914743700808,0.62804481332,0.578818190829,1.37547423367,0.329871852435,-0.0145026562668,-0.0784639611469,1,1,1,1,1
SITE_0062,Kovan Kaya,-0.466413280433,0.613658968498,-0.370765025208,1.13603851525,-0.620543206034,-0.860003830869,-0.0119729685282,-0.104569789348,1,1,2,2,2
SITE_0063,Kovan Kaya niches I,-0.389807812498,2.7020142918,-0.0637767740846,1.26096741761,-1.12560325636,-0.818152314491,-0.0115966630304,-0.103163781245,3,3,4,5,6
SITE_0064,Gledka mound I,-0.0220001577608,-0.416483031738,0.769371506884,0.315832134638,0.855231744609,0.414687499296,-0.0156563839595,-0.076507805951,1,1,1,1,1
SITE_0065,Gledka mound II,-0.0119548637475,-0.197867584378,0.627702665258,-0.150058501379,0.634869166223,0.40845666087,-0.0157846648801,-0.07649548416,1,1,1,1,1
SITE_0066,Furnadzhika,0.156476092565,-0.109193678826,-0.783032604235,-0.566043047821,-0.921242197291,-0.691046274824,-0.00253062245375,-0.0948370305149,2,2,3,4,5
SITE_0067,Dolmen Gorno Voyvodino,0.0872642823417,-0.418908241488,0.0262437041722,-0.61441423174,0.64899823879,0.321035250744,-0.022644710846,-0.0746717961679,1,1,1,1,1
SITE_0068,Dolmen Nachovi chairi,0.0460767843342,0.0471636983949,-0.750470408003,0.782520050495,0.804964194718,0.954472509222,0.0211524677868,-0.0234937867624,1,1,2,2,2
SITE_0069,Rodostitsa Fortress,-0.674011661816,-0.711856214637,0.0414228710825,1.21818721924,-1.23041600319,-0.846162653594,0.01475579999,-0.11673127344,1,1,2,2,2
SITE_0070,Villa Armira,-0.456627810735,-0.683142232099,-0.823486403729,-0.55590898592,-0.311908928912,-0.209468023864,0.0127089097949,-0.127503247756,1,1,2,2,2
SITE_0071,Castra Rubra,-0.419850040837,-0.570148495706,-0.407930889772,0.0692972632059,0.346280236364,-0.26825574181,0.0122351107851,-0.0458039610068,1,1,2,2,2
SITE_0072,Kapitan Petko Voyvoda mound I,-0.348799521853,0.127036833611,0.19032545151,-0.43383627988,0.515509163798,-0.465268478504,0.0340008527574,-0.0180037633327,1,1,2,2,2
SITE_0073,Sanctuary of Nymphs and Aphrodite,-0.583116623433,-0.380067039413,1.37585632571,0.0306359929891,1.63961026334,-0.247218602698,-0.0256609549601,-0.0312521348297,1,1,1,1,1
SITE_0074,Fortress Klokotnitsa,-0.415046526236,0.464444035744,-0.858744903122,0.505596862029,-1.10247814077,0.0891868894437,-0.0269330724425,-0.037019456463,1,1,2,2,2
SITE_0075,Fortified ruling house,-0.674660311947,-0.489915711485,-0.974651942955,-0.00478270961151,-0.415765443641,-0.865555168234,0.0383639798081,-0.0119626719275,1,1,2,2,2
SITE_0076,Dolmen Mangura,1.18809672001,-0.499928446652,0.0653924657541,-0.856641119512,-1.22365533708,0.578747630802,0.0240960739963,-0.032546334264,2,2,3,4,5
SITE_0077,Dolmen Starite Loza,1.1795049276,-0.479803407753,0.317513289279,-1.15453954652,-1.16153642754,0.595464026818,0.0239667017694,-0.0327323268993,2,2,3,4,5
SITE_0078,Hambar Kaya II,0.10571022703,3.57665084105,-0.839685524016,-0.527231125665,-1.04683625375,-0.828142698461,-0.00489117659948,-0.0977315490649,3,3,4,5,6
SITE_0079,Deaf Stones Church,0.753651485657,0.954865025863,-0.905250072157,-0.390078527703,-1.18524513259,-0.239487327023,0.00316561593434,-0.0842199488752,2,2,3,4,5
SITE_0080,Bukelon Fortress,-0.445368373659,-0.311356714734,-0.584791924138,0.638886960494,0.492829421347,-0.762010762515,0.0415214168203,-0.0611557527868,1,1,2,2,2
SITE_0081,Matochina Rock Church,-0.496500370525,-0.0526838149561,-0.0571310652814,-1.08116101448,-0.461180387552,-0.614673502719,0.0405536070004,-0.063035927998,1,1,2,2,2
SITE_0082,Merichleri mound I,-0.387800009441,0.466235268116,-0.834217036205,-0.446578213942,0.0,-0.677697064118,-0.026518545167,-0.0124428486624,1,1,2,2,2
SITE_0083,Merichleri mound II,-0.40213693396,-0.985157317321,-0.133617437848,-0.959218823866,0.0,-0.670497839503,-0.0263871951027,-0.0124315853329,1,1,2,2,2
SITE_0084,Merichleri mound III,-0.400509880646,-1.13762484177,0.688045842483,-0.655901420296,0.0,-0.661380530522,-0.026237816551,-0.0124128131171,1,1,2,2,2
SITE_0085,Mezek Tumulus,-0.461788302185,-0.418120987514,0.190142070495,0.434115189179,-0.101129849894,-0.326371113707,0.0126796951058,-0.0830618202434,1,1,2,2,2
SITE_0086,Neutzikon Fortress,-0.358180229268,-0.698497663994,1.01158206793,0.785276617286,-1.23403922075,-0.244768396883,0.0115145594814,-0.0825898625708,1,1,2,2,2
SITE_0087,Mihalich Rock Church,0.0217339156931,0.701450392678,-0.630611075731,-0.846510993315,1.86608776806,0.212040298123,0.0336470220118,-0.0617373375811,3,3,4,5,6
SITE_0088,Dolmen Bayamluka,0.0932191047955,-0.815811557446,-0.248188913248,1.20512045844,-0.78180993792,0.315957085987,0.0190355169186,-0.0434777558379,1,1,2,2,2
SITE_0089,Orlovo Town,-0.409368111608,-1.13969180783,-0.717991265424,0.397055629673,-1.00217337179,0.502640197944,-0.0243757802206,-0.0647599216384,1,1,2,2,2
SITE_0090,Dolmen Kapakliyka II,-0.245876117879,-0.860289625983,0.688254301416,-1.09115620227,0.134478169709,-0.0485740378467,0.0152687825147,-0.0448003640112,1,1,2,2,2
SITE_0091,Mehir Stone Chuchul,-0.265960618894,-0.779575946183,0.431298363843,-0.953481767492,-0.18710981806,-0.0727427384836,0.0062051619909,-0.0308283519502,1,1,2,2,2
SITE_0092,Ak Kaya,-0.404652642988,2.00031581828,-0.72732899202,-0.523236761356,4.60095351286,-0.842096571301,-0.0136931522147,-0.102720403564,3,4,5,6,7
SITE_0093,Kara inn,-0.410586903805,2.408322532,-0.944487544437,0.335377063536,3.46479857207,-0.843057601945,-0.0136389453491,-0.102729527352,3,4,5,6,7
SITE_0094,Dolmen Plevun,0.111881689569,-0.494253428008,0.358345079722,1.28501876459,1.59487679974,0.0205769033684,0.00692111008452,-0.136714499177,1,1,1,1,1
SITE_0095,Kovan Kaya niches II,-0.325648844691,0.271301833955,-0.113696502598,-0.175374464891,-1.16042167373,-0.811998316284,-0.0123911250664,-0.103925234598,2,2,3,4,5
SITE_0096,Efraim Fortress,0.0450628895628,1.15780056691,-0.427613745053,-0.749192063643,1.36436563713,-0.82790982274,-0.0166196581539,-0.104508250118,3,3,4,5,6
SITE_0097,Dolmen Bakalov kladenets,0.5737236509,-0.887287762187,0.264302304227,0.402874061404,-1.16766621793,0.164680539058,0.0273541151172,-0.0276841218594,1,1,2,2,2
SITE_0098,Dolmen Byalata treva,0.376465376178,-0.783531612165,0.40011454986,-1.02569690556,-0.011650999109,0.751292236364,0.0225869152293,-0.0290172634592,1,1,2,2,2
SITE_0099,Dolmen Kapakliyka I,0.428843484898,-0.894874174484,0.636978101613,1.17874682144,-1.21929927898,0.46301926953,0.0249250810283,-0.0280343838406,1,1,2,2,2
SITE_0100,Dolmen Kliftinova niva,0.39323753656,-0.741468540504,1.06658560526,0.667040734963,-1.17032952825,0.380245906639,0.0255948037566,-0.0281171087962,1,1,2,2,2
SITE_0101,Dolmen Paskalevi kelemeta,0.400568119415,-0.849835622302,0.101002347369,1.26360456391,-1.22798866309,0.12489265034,0.0277202824003,-0.026754958141,1,1,2,2,2
SITE_0102,Dolmen Sakartsi,0.511455155413,-0.328686153272,1.01073747395,-0.890974848199,-1.17489946572,0.164725118116,0.0273704949013,-0.0272561848928,2,2,3,4,5
SITE_0103,Burdenis Fortress,-0.842046219494,-0.827768328504,-0.678378043497,-0.698680943977,-0.0418952591718,-0.869966459976,0.0189907211708,-0.0753498237421,1,1,2,2,2
SITE_0104,Svilengrad mound necropolis,-0.821587271429,-0.808106180471,-0.800928801858,0.19476104642,-0.641731692711,-0.821349512813,0.0145919032213,-0.0748331115491,1,1,2,2,2
SITE_0105,Svirachi Golyamata Mogila,-0.109047006803,-0.289024303629,-0.269007373044,0.623891330111,0.115157174715,-0.348268628642,0.013632967732,-0.131019889291,1,1,2,2,2
SITE_0106,Paleokastro Fortress,0.283512113196,-0.466508304939,-0.193985000429,0.171351022334,-1.1094519992,0.453215255352,0.0259605715991,-0.0183682109766,2,2,3,4,5
SITE_0107,Paparimsko Kale,1.63110153834,-0.944522851431,0.58432391403,-0.574753734408,-1.18690951445,0.201116364152,0.0274510010689,-0.0348073040909,2,2,3,4,5
SITE_0108,Holy Trinity Monastery,-0.674953758612,-0.734420099003,-0.711777374657,-0.0942719927414,0.549015494393,-0.655114896968,0.0341610360357,-0.0271997639976,1,1,2,2,2
SITE_0109,Orlovi Skali,1.34059753652,1.45624824233,-0.103737989387,-1.1186118204,-0.218997004105,-0.246689988918,-0.0494509508415,-0.112760770114,3,3,4,5,6
SITE_0110,Dupchen Kamak,0.220412237417,-0.13506837105,-0.742062480688,0.779216533355,1.28734447746,-0.0251257347902,-0.0419428059107,-0.146595699071,1,1,1,1,1
SITE_0111,Hambar Dere Necropolis,-0.117301377491,0.56025404098,1.16332862412,0.816929794485,-1.17754584636,0.606291670024,-0.000953676853891,-0.143538734062,1,1,2,2,3
SITE_0112,Chernichino mound,0.688507811975,0.0449160869078,-0.511602290332,-0.513669965531,-1.2133612062,-0.322004477644,-0.00609788227148,-0.109032279315,2,2,3,4,5
SITE_0113,Patmos Fortress,0.307226533873,-0.583360671095,0.958126785538,0.572574665629,3.12983593873,-0.856787258253,-0.0437593448281,-0.0911864633305,1,1,1,1,1
SITE_0114,Duzhdovnitsa niches,0.686459508725,2.8218661262,-0.119822247475,1.25079995845,4.28203085413,-0.598955818382,-0.0400125148668,-0.089735187803,3,4,5,6,7
SITE_0115,Perperikon,0.469221937631,-0.18193928538,-0.942252124505,0.189631494006,-0.971021027347,-0.0775448884826,-0.0285143856011,-0.0854636700361,2,2,3,4,5
SITE_0116,Church of St. John Prodomus,-0.310854867107,-0.562974271669,0.605361519283,-0.568881027451,0.0,-0.868044398688,-0.0348092319911,-0.102042467653,1,1,2,2,2
SITE_0117,Necropolis of St. John Prodomus,-0.310540163832,-0.740924280581,1.07276047946,-0.229802959007,-1.15165577679,-0.865161306756,-0.0347893890668,-0.102012569347,1,1,2,2,2
SITE_0118,Toplitsa,-0.139285361521,-0.669214821586,-0.680582981733,0.617694058798,0.724322564954,0.771478009316,-0.0357219984224,-0.0428096904543,1,1,2,2,2
SITE_0119,Moryantsi tomb,-0.297176202528,-0.0419849527487,-0.512749621333,-0.953324189417,0.557262473385,-0.771739531935,-0.0138140830715,-0.110744671374,1,1,2,2,2
SITE_0120,Sivri Kaya niches,1.1771178606,3.34165121648,-0.940429462586,0.298299699657,5.02316638103,0.150374790808,-0.0512006946056,-0.0721463135156,3,4,5,6,7
SITE_0121,Arkata,-0.221814977207,2.73786164687,0.858495177812,-0.995348657736,-1.14022328957,-0.854589969673,-0.0121986765429,-0.106049859313,3,3,4,5,6
SITE_0122,Gouk in cave,-0.462481981821,1.52954450925,0.632017259538,-0.949335260127,-1.23788240718,-0.827224686609,-0.0122507376599,-0.106735841164,3,3,4,5,6
SITE_0123,Pop Martinova Dypka,-0.0454569109375,2.74913176216,1.31961458606,-0.396283932803,-1.01661596589,-0.847166666369,-0.0116556009643,-0.105485967186,3,3,4,5,6
SITE_0124,Ada Tepe,0.421193597564,0.697143286949,0.0752376408505,-1.17262459177,-1.01201499792,-0.147723588153,-0.0166880060389,-0.138285349732,2,2,3,4,5
SITE_0125,Redestyuk Fortress,-0.0444832767129,0.564841318962,-0.570824709422,-0.867629828817,-1.24672079547,-0.00343844530826,-0.018362672636,-0.14193157134,2,2,3,4,5
SITE_0126,Tatul,0.175643563768,0.440856582072,-0.372843625783,-0.48783233388,-1.13556288879,-0.288501907654,-0.0235811928928,-0.11849227854,2,2,3,4,5
SITE_0127,Ustra,1.95019014499,2.03667231435,-0.590918529674,0.88265611931,-1.23068489803,0.190415231621,-0.0444426958983,-0.131145050321,2,2,3,4,5
SITE_0128,Vishegrad Fortress,-0.125617768593,-0.626298710571,-0.575086624161,-0.410188623635,3.31501409241,-0.858958923407,-0.0323649896082,-0.10406485628,1,1,1,1,1
SITE_0129,Hambar Kaya,1.00026784879,0.91612177833,0.795680150284,1.05565105737,-1.12504852014,0.124823951665,-0.0436735804489,-0.130016342463,2,2,3,4,5
SITE_0130,Asar Kaya niches,1.35025450797,1.70999703408,0.958414317574,0.923740066921,1.14964951931,-0.0692993581783,-0.0467657883388,-0.0756699877653,3,3,4,5,6
SITE_0131,Mal Asar,0.888431334898,0.986137235966,-0.202960998957,0.0745135416587,-1.1947700491,0.0863380529987,-0.0432861380574,-0.129793885966,2,2,3,4,5
SITE_0132,Sredna Arda Rock cut niches,-0.253158963228,2.4800519715,-0.917390321655,-0.356428974231,0.661843807219,-0.865161306756,-0.0256781305144,-0.100226640234,3,3,4,5,6
SITE_0133,Shan Kaya,0.227889196117,2.40829603975,-0.776067429338,-0.650570903361,-1.04382299179,-0.468471554223,-0.0115450624833,-0.113421833564,3,3,4,5,6
SITE_0134,Belovo Basilica,1.43293414213,-0.741759788298,0.499151997629,-0.412740571322,-1.23651823611,-0.469043620853,-0.122087526174,0.0076002400109,2,2,3,4,5
SITE_0135,St. Spas Basilica,1.46727734717,1.17847120147,1.39851828256,0.215577563662,-1.21911409048,-0.461699572956,-0.122101492983,0.00747788771279,2,2,3,4,5
SITE_0136,Roman bridge Bratsigovo,0.795042395284,0.38682441155,0.824689400144,-0.410800119523,-1.07961353123,-0.25927390624,-0.0972357292207,-0.0251354141063,2,2,3,4,5
SITE_0137,Dzhenevra,4.14485754556,0.249737030259,1.40852158593,0.0748845098337,-1.20594632989,0.779032235741,-0.109408272541,-0.0726288049547,2,2,3,3,4
SITE_0138,Pashino Bardo,4.0091557298,0.00418914859037,1.22020223137,-0.4623617347,-1.21497533738,0.488702719639,-0.117135826287,-0.0385138301139,2,2,3,3,4
SITE_0139,Tsepina,2.28079269288,-0.185667791441,-0.926779687828,-0.112077818561,-1.05794946284,-0.627828477777,-0.114228689248,-0.010704008161,2,2,3,4,5
SITE_0140,Church of St. Dimitar,0.174836435662,-0.301583522947,1.35394077592,0.35059815351,0.0,-0.336935693544,-0.109199939334,-0.00449142133562,1,1,2,2,2
SITE_0141,Peristera Fortress,0.492074782605,-0.357147290648,0.511118465604,0.324785541688,0.0,0.310033233033,-0.102756757013,-0.0203773218987,1,1,2,2,2
SITE_0142,Kulata Gradot,2.02835599669,0.271142101265,1.17955930193,0.704692824014,-1.10780483003,-0.164336513829,-0.118197941561,-0.0262602994966,2,2,3,4,5
SITE_0143,The tower Kalinkata,2.5941340106,-0.707067461973,0.94754167626,0.0993072607319,-1.17436293916,0.324455449939,-0.114702422151,-0.0308680337123,2,2,3,3,4
SITE_0144,Tatarsko Kale,1.61486656868,0.809207290033,-0.955626488183,-0.0970769030909,-0.945435476068,1.13546198387,-0.104332749587,0.0819126797986,2,2,3,4,5
SITE_0145,Emporion Pistiros,-0.263952767908,-1.01282907188,1.30793421569,0.31665758287,-0.0923294352326,-0.87092749062,-0.115992505747,0.0192233265441,1,1,2,2,2
SITE_0146,Zhaba Mogila,0.5056421076,0.567530282447,0.0525414638149,0.583992816419,1.19209108771,0.124077463605,-0.0990194609729,0.063150554519,1,1,1,1,1
SITE_0147,Lyubnishko Kale,1.17281554188,0.253843329177,0.808245314611,1.07882927788,-1.14545947927,-0.461122016063,-0.124110623526,0.0459215134324,2,2,3,4,5
SITE_0148,Bona Mansio,-0.165977528929,-0.775003305727,-0.532418347453,1.01953156877,0.23623882834,-0.707552281149,-0.115292734373,0.0227901693226,1,1,2,2,2
SITE_0149,Tell Yunatsite,-0.339413015002,-0.00612646647216,-0.371974610588,1.08426722078,0.43108676365,-0.789772758137,-0.104908023993,0.0163067870974,1,1,2,2,2
SITE_0150,Anevo Kale,1.88695328749,1.42731024444,-0.846461425518,0.633254031592,-0.913815724045,0.121375315724,-0.0736641558417,0.0993537380003,2,2,3,4,5
SITE_0151,Asenova Fortress,0.149945352575,1.31546352233,-0.931889208854,0.1096585641,0.80470327712,-0.862069720475,-0.0662286296833,-0.0325296975078,3,3,4,5,6
SITE_0152,Bachkovo Monastery,0.221230389244,-0.741062474403,0.525139328103,-0.489856784838,2.34934563283,-0.861641734388,-0.0678759333589,-0.0407921574167,1,1,1,1,1
SITE_0153,Church of St. George Metokha,-0.208141728631,0.188468245336,0.233964532103,1.2192730986,0.0,-0.864200276112,-0.0662987998603,-0.0297873234436,1,1,2,2,2
SITE_0154,Church of the Holy Virgin of Petrich,0.124117540764,1.98215371048,0.90652227995,0.729004901991,0.951024003528,-0.867752702073,-0.0661953474046,-0.0324782738637,3,3,4,5,6
SITE_0155,Stanimaka Fortress ruins,-0.28215623866,-0.220167937633,0.19231412212,-0.175217130455,0.0,-0.855732683441,-0.0663614984148,-0.0289497156237,1,1,2,2,2
SITE_0156,Golyama Dragoyna,1.4376128011,0.558791401572,1.04288913554,0.936577732288,-1.14274508352,0.727822816912,-0.0435651284536,-0.0389720735336,2,2,3,4,5
SITE_0157,Monastery of St. Cyril and St. Yulita,0.848329529637,-0.0135828107211,0.737653581882,0.892436305235,-0.820890294667,-0.649514828752,-0.0680922273783,-0.0296317120883,2,2,3,4,5
SITE_0158,Diocletionopolis,0.0520898887225,0.588985221219,-0.686673583009,-0.654314694542,0.0,-0.034448952095,-0.0759698393319,0.0651596140826,3,3,4,5,6
SITE_0159,Hisarya Basilica 1,0.0602977680645,-0.45660370936,-0.90684085803,0.312457250073,0.0,-0.0240168893744,-0.0759100098897,0.0647981397903,1,1,2,2,2
SITE_0160,Hisarya Basilica 3,0.0531149989319,-0.788670663628,-0.666222589012,-0.790804295123,0.0,-0.0312897515543,-0.0758169396216,0.0645918726177,1,1,2,2,2
SITE_0161,Hisarya Basilica 8,0.0929535769032,-0.47481284647,-0.200770010579,0.229399436046,0.0,-0.105348940927,-0.0755116201364,0.0659439786026,1,1,2,2,2
SITE_0162,Hisarya Fortress walls,0.05424066465,-0.715211046382,-0.949729463601,0.297623808161,0.0,-0.0265701901263,-0.075880895294,0.0647891129369,1,1,2,2,2
SITE_0163,Hisarya Roman Baths,0.0546768205742,0.516059066634,-0.933625804811,-0.0974957931424,0.0,-0.0345022592635,-0.0759773587067,0.0651763452228,3,3,4,5,6
SITE_0164,Stone of Tsar Asen,0.267856320263,2.12039005402,0.495521986358,1.2626445521,-1.08891714953,-0.830564203574,-0.0925498305707,-0.0216872487714,3,3,4,5,6
SITE_0165,Monastery of Saints Cosmas and Damian,0.724691115726,1.76644779129,0.172773923413,1.29582418256,0.439188733448,-0.137991792049,-0.0733796449842,-0.0248513775641,3,3,4,5,6
SITE_0166,Maltepe,-0.538059847227,0.790021334648,-0.62491056843,0.392367644461,-0.268183267768,-0.832486264862,-0.0616359702236,0.00273196373081,1,1,2,2,2
SITE_0167,Red Church,-0.324137252874,-0.578561510762,-0.403531843266,-1.01040868373,1.07806685691,-0.560568791374,-0.0864545486721,-0.0148001367843,1,1,1,1,1
SITE_0168,Ancient Theatre of Philippopolis,-0.474766481178,1.21572131012,-0.93318191961,-0.164329531249,0.0,-0.798930522613,-0.0737426456745,-0.00178989191263,3,3,4,5,6
SITE_0169,Domus Eirene,-0.537135196668,-0.457360964756,0.0733131162782,-1.00454920823,0.0,-0.781296795161,-0.0737080095288,-0.00215204883093,1,1,2,2,2
SITE_0170,East Gate Philippopolis,-0.548262444949,-0.554593481432,0.847826727993,1.06701152199,0.0,-0.82479801971,-0.0734293144355,-0.00146835073303,1,1,2,2,2
SITE_0171,Episcopal Great Basilica,-0.543386844797,0.0955901976362,-0.623961332585,-0.195296415451,0.0,-0.773968009726,-0.073647605502,-0.00233279762626,1,1,2,2,2
SITE_0172,Hellenistic buildings,-0.553210562015,-0.633048668999,0.672201923595,0.598861792113,0.0,-0.747072977069,-0.0737319730059,-0.00277083130199,1,1,2,2,2
SITE_0173,Hisarya Kapia,-0.441286289713,0.835764102067,-0.718763635716,0.781478475912,0.0,-0.832552065898,-0.0736056641675,-0.00126444043985,1,1,2,2,2
SITE_0174,Inner Fortress wall of Philippopolis,-0.462821895867,1.26214797834,0.93801037297,-0.944658819645,0.0,-0.845940693877,-0.0737077550566,-0.00092538413746,3,3,4,5,6
SITE_0175,Minor Basilica,-0.554745447434,-0.599382973059,-0.439426298399,-0.210945054024,0.0,-0.813894533449,-0.0733045430076,-0.00191618146981,1,1,2,2,2
SITE_0176,Nebet Tepe,-0.429281169794,-0.149387766698,0.285986255892,-1.18692558921,0.0,-0.844018638455,-0.0736681972218,-0.000965722846304,1,1,2,2,2
SITE_0177,Outer Fortress wall of Philippopolis,-0.547507559695,-0.554593481432,0.847826727993,1.06701152199,0.0,-0.82479801971,-0.0734302062549,-0.00148240918997,1,1,2,2,2
SITE_0178,Peristyle building and street intersection,-0.536174311617,-0.606374645451,-0.515944963632,0.294073972201,0.0,-0.781551582076,-0.0737171853842,-0.00213216305372,1,1,2,2,2
SITE_0179,Philippopolis Roman Baths I,-0.516671623433,-0.488444389742,-0.777960521903,-0.616958495435,0.0,-0.791262842485,-0.0738467621533,-0.00190579310564,1,1,2,2,2
SITE_0180,Remains of Fortress wall of Philippopolis,-0.554983463952,-0.98279998005,0.0327772224073,0.397880853008,0.0,-0.788000148142,-0.0736745198304,-0.00205848688941,1,1,2,2,2
SITE_0181,Roman Forum of Philippopolis,-0.546915442081,-0.173728468535,0.610494493283,-0.544127438499,0.0,-0.758420142273,-0.0738605379523,-0.00260070555541,1,1,2,2,2
SITE_0182,Roman Stadium of Philippopolis,-0.521098653992,0.686683968121,0.72637754223,1.15333432074,0.0,-0.808599268679,-0.0739339881147,-0.00166165039193,1,1,2,2,2
SITE_0183,Spas Bair hill,-0.5103912657,-1.03665833692,0.176287866664,0.318255647198,0.466865449969,-0.15453390741,-0.056895305989,0.0139622238118,1,1,2,2,2
SITE_0184,Belintash,2.86948662663,0.166201396986,0.534494232031,-0.20860381641,-0.151535961518,0.396474185431,-0.0604896689673,-0.059060232191,2,2,3,3,4
SITE_0185,Chetinyova Mogila,0.556387459428,1.5069023169,-0.958512064739,0.238356685093,1.46029940333,0.881381248516,-0.0859462815056,0.0679124256587,3,3,4,5,6
SITE_0186,Horizon mound,0.20797249531,-0.306286843667,0.600151408663,-0.179298248916,-0.269668757323,0.90253499706,-0.085707649614,0.0658460644525,1,1,2,2,2
SITE_0187,Royal tomb,0.515225939059,-0.92419146795,-0.135399290157,-0.0766380353485,2.04509486411,0.890327467765,-0.0860116199764,0.0678245032898,1,1,1,1,1
SITE_0188,Church of St. Nicholas,-0.543074777629,-0.867792470811,-0.323342177848,-0.503608732888,0.0,-0.810671180124,-0.0753772759791,-0.00269860525034,1,1,2,2,2
SITE_0189,Chintulovo mound,-0.433721716395,-0.867654026537,-0.933003547902,0.170159244435,0.38701404761,-0.741410392591,0.0218084449696,0.0883895299696,1,1,2,2,2
SITE_0190,Nanchovata Mogila,-0.491858664978,-0.557705207814,-0.242580747553,0.559837604343,1.19395770215,-0.787153456916,0.0236847612216,0.0895732587781,1,1,1,1,1
SITE_0191,Dyadovo settlement,-0.638020410458,0.706887760245,1.39216482149,0.216443024881,0.0,-0.115833513085,0.00775427126703,0.0482160742761,1,1,2,2,2
SITE_0192,Kaloyanovo Mound I,-0.378282272379,-0.925467186717,-0.329425069048,0.851998937498,0.27688997726,0.00440127479053,0.0364863430535,0.0927212354893,1,1,2,2,2
SITE_0193,Kaloyanovo Mound II,-0.398273694844,-0.677690060038,0.451669352355,-0.0740690423167,-0.0219251198021,0.0234469500601,0.0357747409757,0.0927550253078,1,1,2,2,2
SITE_0194,Kaloyanovo Mound III,-0.496898997868,-0.633605507175,0.210214692522,-0.399364876534,0.998410075053,-0.142768086194,0.0374146940432,0.0903968945322,1,1,1,1,1
SITE_0195,Kaloyanovo Tumulus,-0.436713650176,-0.880507443417,0.304918952177,-0.282403749862,0.620633424164,-0.0749026173156,0.0374309770782,0.0915928515981,1,1,1,1,1
SITE_0196,Kamen mogila,-0.136494730474,-0.583185243416,-0.435265941496,-0.0017409167598,-0.186568834519,-0.438963596324,0.0321089985328,0.082796371338,1,1,2,2,2
SITE_0197,Kota 255,-0.350739217485,-0.338001184952,-0.883239921529,0.46633387076,1.03970478536,-0.218676039498,0.000389938540923,0.0651331952308,1,1,1,1,1
SITE_0198,Prehistoric Wide Mound,-0.377343674416,-0.347928655142,-0.335308789267,0.996542262031,0.472044665359,-0.218903251918,0.00139170951726,0.0656436910032,1,1,2,2,2
SITE_0199,Roman Karanovo mound,-0.377632352123,-0.385959172072,-0.0668360245806,0.6578644359,0.0108805296592,-0.205546896831,0.00079328498113,0.0650706591015,1,1,2,2,2
SITE_0200,Tell Karanovo,-0.431902514828,0.0358759958167,0.569661895972,0.310876128012,0.0,-0.150828355317,0.00112465598465,0.0642520319926,1,1,2,2,2
SITE_0201,Boz Bair,-0.608298876546,-0.850839405904,-0.730024649686,-0.689440886516,-0.235991631868,0.213775690471,0.0171917095736,0.062172262814,1,1,2,2,2
SITE_0202,Boz Bair mound I,-0.56600057088,-0.0413649450237,-0.37496525934,0.402959484913,1.01893723109,0.219903480884,0.0174354815401,0.0619863274893,1,1,1,1,1
SITE_0203,Boz Bair mound II,-0.573953131254,-0.588920036592,0.626726031749,0.173642164064,1.04510162009,0.230116214638,0.0176628099488,0.0617454649178,1,1,1,1,1
SITE_0204,Tuida Fortress,-0.027941272457,-0.747231940859,-0.818925840101,0.672256741665,1.59938699186,-0.0939031034977,0.0283996343209,0.0976506947209,1,1,1,1,1
SITE_0205,Sokol Himitliyata,-0.422519746456,-0.353046390361,-0.851270217726,-0.215502074014,-0.308074685654,0.317391780856,0.0139962663695,0.0403749264261,1,1,2,2,2
SITE_0206,Staro Selo Mogila,-0.0364059565728,0.112463980586,-0.807030878596,0.645903907673,1.63252582433,-0.480295163977,0.0154866588195,0.0761609925803,1,1,1,1,1
SITE_0207,Tvarditsa Fortress,0.329935207746,2.28367893951,-0.276955457094,-1.08798410014,-0.126836341524,-0.102517044524,0.000734734277472,0.101627332327,3,3,4,5,6
SITE_0208,Gela Basilica,3.60856175495,-0.623885021611,0.710691518522,1.15594253025,0.167510616634,0.542713674186,-0.0871469483615,-0.0939378503031,2,2,3,3,4
SITE_0209,Gradishte Fortress,4.78416972284,3.02419702058,-0.050963166013,1.25748795578,0.70090705244,0.601400737311,-0.0879465979137,-0.0971289880603,2,2,3,3,4
SITE_0210,Momchilova Fortress,2.68684331384,0.282593543764,1.27430695317,-0.30418798165,0.452601644268,0.107567257464,-0.0698324468654,-0.108993556188,2,2,3,3,4
SITE_0211,Kaleto Fortress Koshnitsa,2.07971810175,1.15359965281,-0.192571366996,0.155691373161,-1.14908767157,1.20972093435,-0.0793179298739,-0.12204697401,2,2,3,4,5
SITE_0212,Uleya Cave,2.01858457025,2.08803544623,-0.973481947917,0.201650551768,0.844585904477,1.41374511224,-0.081048216233,-0.121012526535,3,3,4,5,6
SITE_0213,St. Ilia Fortress,3.60661199418,1.56486023831,0.609536148791,-1.14066045651,1.06671210835,0.294968702287,-0.101530933336,-0.0951245143696,2,2,3,3,4
SITE_0214,Yagodinska Cave,2.14688458033,4.55312137723,1.40935943807,-0.0915458620586,-1.18060276214,0.482677695686,-0.102282916084,-0.0980243034592,3,3,4,5,6
SITE_0215,Tyovnata dupka,3.3359602763,1.46389493007,-0.306741667429,1.17130099502,0.571593860544,0.51523842749,-0.083279022043,-0.0676322788209,2,2,3,3,4
SITE_0216,Bratya Daskalovi mound,-0.338622039044,-0.502170603852,0.507780074503,-0.971287640166,0.0,0.661340612747,-0.0436741909645,0.0270059255219,1,1,2,2,2
SITE_0217,Momina Mogila,-0.13107000522,-0.630197356992,0.61068208122,0.369519123458,0.558249440123,0.638192913318,-0.0432588657412,0.0262769542167,1,1,1,1,1
SITE_0218,Buzovo Kale,0.545332488415,1.29197892093,-0.785004303713,0.692001266959,-1.09188578069,-0.789239885884,-0.0324505343573,0.0764668848897,2,2,3,4,5
SITE_0219,Thracian domed tomb,0.187210418877,-0.687211965032,0.320064427849,0.59665708593,0.42525897107,-0.82960317293,-0.0324345432033,0.077171326554,1,1,2,2,2
SITE_0220,Pizus Fortress,-0.613874387134,-0.951494237213,0.0151564717248,1.14502931149,-0.124569584954,0.37574173245,-0.0227984650449,0.0043561822403,1,1,2,2,2
SITE_0221,Tomb of Kazanlak,0.195100719191,-0.64312101173,-0.389204227332,-1.01952752152,-1.16738136845,-0.523997985585,-0.0313176895653,0.0865742935136,2,2,3,4,5
SITE_0222,Kran Fortress,1.15871879069,1.19410118437,-0.641777990915,-0.835494921499,1.37564535725,-0.0127283456327,-0.0322355296536,0.0991633429883,3,3,4,5,6
SITE_0223,Kesteleva Mogila,0.0835890695653,-0.257661596886,-0.189987487499,0.216697308815,-0.353403898527,-0.466172307178,-0.0244052147731,0.0816536883531,1,1,2,2,2
SITE_0224,Malak Dol mound,-0.29712803366,-0.662707356305,-0.130876703135,-0.13372851755,-0.0109427578522,0.854002574138,-0.0436366533531,0.0305871279359,1,1,2,2,2
SITE_0225,Karasura,-0.365915190973,-0.169193507184,-0.449832318754,-0.0335293369162,-0.316886308721,0.424735619012,-0.0328367074208,0.0139570729954,1,1,2,2,2
SITE_0226,Tomb of Sashnova,0.597985615013,-0.758782061428,-0.430557272691,-0.310216767366,1.13214559333,-0.185210728215,-0.0376766453843,0.101741250095,1,1,1,1,1
SITE_0227,Golyama Arsenalka tomb,0.569336018161,-0.193337409442,-0.914363238312,0.383925185444,-0.306722074384,-0.228078513675,-0.0369165085588,0.100730261556,1,1,2,2,2
SITE_0228,Mezideva Fortress,1.12279027869,-0.671017519092,-0.233544682156,-0.939897367966,-0.999853133476,-0.0179831373109,-0.0328637436191,0.100048397569,2,2,3,4,5
SITE_0229,Ostrusha tomb,0.538626135753,0.867815941274,-0.915540548957,-0.143198007788,0.415266405459,-0.175993515218,-0.0342793500829,0.098790012873,3,3,4,5,6
SITE_0230,Sarafova Mogila,0.447266423559,-0.396650743345,-0.485657419066,-0.339073870808,-0.228210595304,-0.153583904217,-0.0323631399403,0.0960213599174,1,1,2,2,2
SITE_0231,Tomb of Helvetia,0.704460957804,0.0143068509536,-0.576510728953,-0.265022127293,0.0,-0.0592751703775,-0.0345492644839,0.101777062793,1,1,2,2,2
SITE_0232,Tomb of Malka Kosmatka,0.602338546995,0.439588070755,-0.116583621169,0.233449256293,1.0999732305,-0.151933540558,-0.0352475804197,0.100778819497,1,1,1,1,1
SITE_0233,Tomb of Seuthes III,0.624440436912,-0.0682499047727,-0.139881605482,-0.222900503319,0.843420204535,-0.158761832214,-0.0353816523726,0.100802147655,1,1,1,1,1
SITE_0234,Tomb of Shushmanets,0.771506463032,2.10039530579,-0.957482070334,-0.051481795807,0.0,-0.0381443213924,-0.0343966381447,0.102027102212,3,3,4,5,6
SITE_0235,Tomb of Svetitzata,0.548724535345,-0.0968789006143,-0.356964993624,0.235514488637,1.0778409091,-0.114755356832,-0.033147169703,0.0984008842335,1,1,1,1,1
SITE_0236,Tomb of The Griffins,0.6596241288,0.036100623391,-0.920682703327,0.240951888036,0.102878803926,-0.149639549149,-0.0367214275075,0.102066071757,1,1,2,2,2
SITE_0237,Augusta Traiana Vereia,-0.318219096275,0.0513730722061,-0.479016282517,0.74917939353,0.0,0.42561912902,-0.0171699523603,0.0487125984929,1,1,2,2,2
SITE_0238,Neolithic dwellings,-0.244237897056,-0.36427704555,-0.181979264858,1.20920879236,0.0,0.438749116342,-0.0181119168374,0.0480532679676,1,1,2,2,2
SITE_0239,Bereket Mound,-0.490149029614,-0.530831880167,-0.68923397367,0.690910364891,-0.332260864494,0.224490806748,-0.0173114482609,0.0409027752529,1,1,2,2,2
SITE_0240,Roman mineral baths,0.107975553799,-0.53288692193,0.00854108324295,-0.106317785176,0.0,0.125866913926,-0.0254455539268,0.053216848541,1,1,2,2,2
SITE_0241,Fortress Zemlen,-0.590754576391,-0.432154867935,-0.531008443545,-0.234151330483,-0.0127209201962,-0.542172445281,-0.00897279372977,0.0263528396473,1,1,2,2,2
SITE_0242,Cheir maj Kaleto,-0.619319817812,-0.20977073089,-0.263051787747,-1.09266548837,0.0559701995426,-0.852777675517,-0.0306277429821,-0.0119796760161,1,1,2,2,2
SITE_0243,Hisara Fortress,-0.594624573527,0.227609989755,0.279396001361,-1.20852563007,0.0,-0.812366322275,-0.0303862656211,-0.0114966432719,1,1,2,2,2
SITE_0244,Monastery of St. Athanasius the Great,-0.671501464649,-0.173112022794,-0.913468582633,0.047014001041,0.0,-0.831303344889,-0.0305274294323,-0.0116876328182,1,1,2,2,2
SITE_0245,Kaleto Fortress Bolyarovo,-0.399378032059,-0.682291085049,-0.749349542285,0.0122780968908,-0.394606850561,0.705945104463,0.0592643456716,0.000312307330267,1,1,2,2,2
SITE_0246,Ancient Kabile,-0.588350254877,-0.963756225719,0.842778170358,-0.986720171129,-0.361348387557,-0.859064226768,0.0378791062004,0.0702721669146,1,1,2,2,2
SITE_0247,Roman residence,-0.426477166494,-0.818806517562,0.0761844471243,-1.19550062522,1.1867579791,-0.323241663822,0.0504709345407,0.0179451405914,1,1,1,1,1
SITE_0248,Malkoto Kale Fortress,0.000268046557952,-0.803287707509,0.0399130589362,0.181988039041,-0.25768717751,1.58596461915,0.06481997539,-0.0238511437006,1,1,2,2,2
SITE_0249,Dabilin Fortress,-0.640642186855,-0.125760018089,-0.572551981567,0.640656452825,0.0,-0.863239245468,0.0386421794894,0.057807115081,1,1,2,2,2
SITE_0250,Zaychi Vrah,-0.34531271885,1.26742728289,-0.127580018165,1.19480389234,0.79800930268,-0.815230784853,0.0375103931837,0.0699471399887,3,3,4,5,6
