Site_ID,Site,WLC_RISK3,GiZScore,GiPValue,Gi_Bin_3,gi_class
SITE_0001,Ahtopol Fortress,2.83243,-3.698726,0.000216684505,-3,Cold spot with 99% confidence
SITE_0002,Kozareva Mogila,4.205103,-3.153425,0.001613668059,-3,Cold spot with 99% confidence
SITE_0003,Poros Fortress,2.966804,-3.835347,0.000125387296,-3,Cold spot with 99% confidence
SITE_0004,Cape Akra settlement,2.491634,-3.577387,0.000347045689,-3,Cold spot with 99% confidence
SITE_0005,Deultum,3.067836,-3.705407,0.000211051599,-3,Cold spot with 99% confidence
SITE_0006,Gornoto Gradishte,3.06186,-3.405771,0.000659775088,-3,Cold spot with 99% confidence
SITE_0007,Antimovo Fortress,4.962704,-0.766232,0.443538155935,0,Not statistically significant
SITE_0008,Poros Fortress wall,2.724886,-4.315181,0.000015947254,-3,Cold spot with 99% confidence
SITE_0009,Dolmen Dragon house,3.349664,-3.391736,0.000694512295,-3,Cold spot with 99% confidence
SITE_0010,Urdoviza Fortress,3.104158,-3.391736,0.000694512295,-3,Cold spot with 99% confidence
SITE_0011,Gradishte Fortress II,4.106672,0.053586,0.957265201251,0,Not statistically significant
SITE_0012,Mishkova Niva,3.751618,-3.006725,0.00264078927,-3,Cold spot with 99% confidence
SITE_0013,Necropolis City of the dead,3.936783,-3.006725,0.00264078927,-3,Cold spot with 99% confidence
SITE_0014,Golyamoto Kale,3.010926,-3.11223,0.001856797208,-3,Cold spot with 99% confidence
SITE_0015,Church of Christ Pantokrator,2.922249,-3.997255,0.000064081287,-3,Cold spot with 99% confidence
SITE_0016,Church of St. John Aliturgetos,2.922249,-3.997255,0.000064081287,-3,Cold spot with 99% confidence
SITE_0017,Church of St. John the Baptist,2.922249,-4.083935,0.000044279461,-3,Cold spot with 99% confidence
SITE_0018,Church of St. Paraskeva,2.922249,-4.083935,0.000044279461,-3,Cold spot with 99% confidence
SITE_0019,Church of St. Stefan,2.922249,-3.997255,0.000064081287,-3,Cold spot with 99% confidence
SITE_0020,Church of St. Theodore,2.922249,-4.083935,0.000044279461,-3,Cold spot with 99% confidence
SITE_0021,Church of St. Vlahara,2.922249,-4.083935,0.000044279461,-3,Cold spot with 99% confidence
SITE_0022,Church of the Holy Archangels,2.922249,-4.083935,0.000044279461,-3,Cold spot with 99% confidence
SITE_0023,Fortification of Mesembria Pontica,3.237451,-3.997255,0.000064081287,-3,Cold spot with 99% confidence
SITE_0024,Foundations of Basilica Eliusa,2.922249,-4.083935,0.000044279461,-3,Cold spot with 99% confidence
SITE_0025,Mesembria Terms,2.491634,-4.083935,0.000044279461,-3,Cold spot with 99% confidence
SITE_0026,Mesembria West St. John,4.965359,-3.435403,0.000591673788,-3,Cold spot with 99% confidence
SITE_0027,Stara Mitropolia,2.922249,-4.083935,0.000044279461,-3,Cold spot with 99% confidence
SITE_0028,Anchialos Building,2.175424,-3.358523,0.000783601126,-3,Cold spot with 99% confidence
SITE_0029,Anchialos Christian Church,2.560702,-3.358523,0.000783601126,-3,Cold spot with 99% confidence
SITE_0030,Anchialos Church,2.932813,-3.358523,0.000783601126,-3,Cold spot with 99% confidence
SITE_0031,Anchialos Fortification,2.560702,-3.358523,0.000783601126,-3,Cold spot with 99% confidence
SITE_0032,Anchialos Necropolis,3.677034,-3.358523,0.000783601126,-3,Cold spot with 99% confidence
SITE_0033,Pomorie tomb,2.938732,-3.358523,0.000783601126,-3,Cold spot with 99% confidence
SITE_0034,Begliktash,3.349664,-3.391736,0.000694512295,-3,Cold spot with 99% confidence
SITE_0035,Chengerska mound,3.441203,-3.391736,0.000694512295,-3,Cold spot with 99% confidence
SITE_0036,Mound Stamopolu,3.441203,-3.391736,0.000694512295,-3,Cold spot with 99% confidence
SITE_0037,Oriospotamo,2.491634,-3.084747,0.002037254345,-3,Cold spot with 99% confidence
SITE_0038,Ranuli Fortress,2.918794,-3.391736,0.000694512295,-3,Cold spot with 99% confidence
SITE_0039,Maslen Nos Fortress,2.341647,-3.391736,0.000694512295,-3,Cold spot with 99% confidence
SITE_0040,Rusokastro Fortress,3.506506,-3.255628,0.001131417742,-3,Cold spot with 99% confidence
SITE_0041,Apollonia Pontica Cape Skamni,2.491634,-3.430824,0.00060175185,-3,Cold spot with 99% confidence
SITE_0042,St. Nicholas Monastery,3.476268,-3.415527,0.000636587116,-3,Cold spot with 99% confidence
SITE_0043,Fortification of St. John Monastery,3.783481,-3.415527,0.000636587116,-3,Cold spot with 99% confidence
SITE_0044,Island St. Kirik and St. Julita,2.491634,-3.415527,0.000636587116,-3,Cold spot with 99% confidence
SITE_0045,Mesarite,4.276113,-2.590474,0.009584391464,-3,Cold spot with 99% confidence
SITE_0046,Monastery of St. John the Baptist,2.922249,-3.415527,0.000636587116,-3,Cold spot with 99% confidence
SITE_0047,Necropolis of Apollonia I,3.948761,-2.23346,0.025518635577,-2,Cold spot with 95% confidence
SITE_0048,Necropolis of Apollonia II,4.220489,-2.537628,0.011160640273,-2,Cold spot with 95% confidence
SITE_0049,Kolokita Necropolis of Apollonia,4.220489,-2.537628,0.011160640273,-2,Cold spot with 95% confidence
SITE_0050,Sozopolis Southern Complex,2.922249,-3.430824,0.00060175185,-3,Cold spot with 99% confidence
SITE_0051,Sozopolis Southern Fortification,3.104158,-3.415527,0.000636587116,-3,Cold spot with 99% confidence
SITE_0052,St. Marina Oikos,4.028323,-2.590474,0.009584391464,-3,Cold spot with 99% confidence
SITE_0053,Via sacra,2.83243,-2.590474,0.009584391464,-3,Cold spot with 99% confidence
SITE_0054,Aquae Calidae,3.476917,-3.703699,0.000212478616,-3,Cold spot with 99% confidence
SITE_0055,Alexandrovo Tomb,5.544261,3.654965,0.000257216907,3,Hot spot with 99% confidence
SITE_0056,Asara Shrine and Fortress,3.682694,1.888637,0.058940514541,1,Hot spot with 90% confidence
SITE_0057,Dolmen Slavova Koriya,5.557307,2.589035,0.009624520678,3,Hot spot with 99% confidence
SITE_0058,Dolmen Gaidarov dolap,5.805097,2.578069,0.009935401607,3,Hot spot with 99% confidence
SITE_0059,Deaf Stones,7.089165,3.202076,0.001364408324,3,Hot spot with 99% confidence
SITE_0060,Cromlech,5.700511,3.384779,0.000712355444,3,Hot spot with 99% confidence
SITE_0061,Mound Dolno Botevo,6.732139,4.630231,0.000003652589,3,Hot spot with 99% confidence
SITE_0062,Kovan Kaya,5.575258,4.186463,0.000028333469,3,Hot spot with 99% confidence
SITE_0063,Kovan Kaya niches I,5.885892,4.186463,0.000028333469,3,Hot spot with 99% confidence
SITE_0064,Gledka mound I,6.732139,4.984489,6.21259e-7,3,Hot spot with 99% confidence
SITE_0065,Gledka mound II,6.732139,4.984489,6.21259e-7,3,Hot spot with 99% confidence
SITE_0066,Furnadzhika,5.288176,3.628391,0.000285192678,3,Hot spot with 99% confidence
SITE_0067,Dolmen Gorno Voyvodino,6.392809,5.044004,4.55889e-7,3,Hot spot with 99% confidence
SITE_0068,Dolmen Nachovi chairi,5.557307,2.578069,0.009935401607,3,Hot spot with 99% confidence
SITE_0069,Rodostitsa Fortress,5.144388,2.986055,0.002826021036,3,Hot spot with 99% confidence
SITE_0070,Villa Armira,4.774062,2.154115,0.031231160945,2,Hot spot with 95% confidence
SITE_0071,Castra Rubra,5.290171,2.651073,0.00802363877,3,Hot spot with 99% confidence
SITE_0072,Kapitan Petko Voyvoda mound I,6.732139,1.719392,0.085543050264,1,Hot spot with 90% confidence
SITE_0073,Sanctuary of Nymphs and Aphrodite,5.302625,2.606482,0.009147761148,3,Hot spot with 99% confidence
SITE_0074,Fortress Klokotnitsa,5.113983,2.606482,0.009147761148,3,Hot spot with 99% confidence
SITE_0075,Fortified ruling house,4.710077,1.719392,0.085543050264,1,Hot spot with 90% confidence
SITE_0076,Dolmen Mangura,5.490267,1.651685,0.09859881614,1,Hot spot with 90% confidence
SITE_0077,Dolmen Starite Loza,5.490267,1.651685,0.09859881614,1,Hot spot with 90% confidence
SITE_0078,Hambar Kaya II,5.966253,3.384779,0.000712355444,3,Hot spot with 99% confidence
SITE_0079,Deaf Stones Church,6.026064,3.202076,0.001364408324,3,Hot spot with 99% confidence
SITE_0080,Bukelon Fortress,5.622018,1.698306,0.089449930117,1,Hot spot with 90% confidence
SITE_0081,Matochina Rock Church,5.361181,1.356794,0.174846765156,0,Not statistically significant
SITE_0082,Merichleri mound I,6.627743,2.719651,0.006535094061,3,Hot spot with 99% confidence
SITE_0083,Merichleri mound II,6.627743,2.719651,0.006535094061,3,Hot spot with 99% confidence
SITE_0084,Merichleri mound III,6.627743,2.719651,0.006535094061,3,Hot spot with 99% confidence
SITE_0085,Mezek Tumulus,5.720449,2.776123,0.005501147537,3,Hot spot with 99% confidence
SITE_0086,Neutzikon Fortress,5.021852,2.776123,0.005501147537,3,Hot spot with 99% confidence
SITE_0087,Mihalich Rock Church,4.515769,1.76443,0.07765956421,1,Hot spot with 90% confidence
SITE_0088,Dolmen Bayamluka,5.204931,2.427741,0.015193183913,2,Hot spot with 95% confidence
SITE_0089,Orlovo Town,5.361773,3.219947,0.001282141779,3,Hot spot with 99% confidence
SITE_0090,Dolmen Kapakliyka II,5.381119,2.501529,0.01236584383,2,Hot spot with 95% confidence
SITE_0091,Mehir Stone Chuchul,5.968831,2.602955,0.009242421862,3,Hot spot with 99% confidence
SITE_0092,Ak Kaya,7.010138,4.426656,0.000009570523,3,Hot spot with 99% confidence
SITE_0093,Kara inn,7.010138,4.426656,0.000009570523,3,Hot spot with 99% confidence
SITE_0094,Dolmen Plevun,5.733495,2.357121,0.018417240105,2,Hot spot with 95% confidence
SITE_0095,Kovan Kaya niches II,6.263109,4.186463,0.000028333469,3,Hot spot with 99% confidence
SITE_0096,Efraim Fortress,7.174109,4.540721,0.00000560621,3,Hot spot with 99% confidence
SITE_0097,Dolmen Bakalov kladenets,5.204931,1.427223,0.153515690509,0,Not statistically significant
SITE_0098,Dolmen Byalata treva,5.876699,2.589035,0.009624520678,3,Hot spot with 99% confidence
SITE_0099,Dolmen Kapakliyka I,5.452721,1.978427,0.047880521239,2,Hot spot with 95% confidence
SITE_0100,Dolmen Kliftinova niva,5.700511,1.622924,0.104605678775,0,Not statistically significant
SITE_0101,Dolmen Paskalevi kelemeta,5.452721,1.427223,0.153515690509,0,Not statistically significant
SITE_0102,Dolmen Sakartsi,3.689278,1.427223,0.153515690509,0,Not statistically significant
SITE_0103,Burdenis Fortress,5.134055,2.403002,0.016261091267,2,Hot spot with 95% confidence
SITE_0104,Svilengrad mound necropolis,6.101109,2.818331,0.004827401815,3,Hot spot with 99% confidence
SITE_0105,Svirachi Golyamata Mogila,5.968239,2.154115,0.031231160945,2,Hot spot with 95% confidence
SITE_0106,Paleokastro Fortress,5.165055,1.975572,0.048203261044,2,Hot spot with 95% confidence
SITE_0107,Paparimsko Kale,4.26456,1.622924,0.104605678775,0,Not statistically significant
SITE_0108,Holy Trinity Monastery,6.053479,1.719392,0.085543050264,1,Hot spot with 90% confidence
SITE_0109,Orlovi Skali,5.544559,1.865906,0.062054581124,1,Hot spot with 90% confidence
SITE_0110,Dupchen Kamak,4.537541,2.062717,0.039139554476,2,Hot spot with 95% confidence
SITE_0111,Hambar Dere Necropolis,5.452129,2.216349,0.026667617187,2,Hot spot with 95% confidence
SITE_0112,Chernichino mound,5.450782,3.254311,0.001136676074,3,Hot spot with 99% confidence
SITE_0113,Patmos Fortress,4.333794,1.460798,0.144070977949,0,Not statistically significant
SITE_0114,Duzhdovnitsa niches,5.100249,1.684634,0.092059162211,1,Hot spot with 90% confidence
SITE_0115,Perperikon,6.358515,2.717582,0.006576085524,3,Hot spot with 99% confidence
SITE_0116,Church of St. John Prodomus,3.778862,2.179663,0.029282414329,2,Hot spot with 95% confidence
SITE_0117,Necropolis of St. John Prodomus,4.21272,2.179663,0.029282414329,2,Hot spot with 95% confidence
SITE_0118,Toplitsa,3.703224,1.211301,0.225780276531,0,Not statistically significant
SITE_0119,Moryantsi tomb,6.300677,4.084264,0.000044216714,3,Hot spot with 99% confidence
SITE_0120,Sivri Kaya niches,6.771783,1.974181,0.048361177619,2,Hot spot with 95% confidence
SITE_0121,Arkata,5.966253,4.186463,0.000028333469,3,Hot spot with 99% confidence
SITE_0122,Gouk in cave,5,4.186463,0.000028333469,3,Hot spot with 99% confidence
SITE_0123,Pop Martinova Dypka,6.932506,4.186463,0.000028333469,3,Hot spot with 99% confidence
SITE_0124,Ada Tepe,6.018826,3.239405,0.00119779238,3,Hot spot with 99% confidence
SITE_0125,Redestyuk Fortress,3.567412,2.832304,0.004621388711,3,Hot spot with 99% confidence
SITE_0126,Tatul,6.026064,3.728041,0.000192974148,3,Hot spot with 99% confidence
SITE_0127,Ustra,5.682966,1.597345,0.110188809024,0,Not statistically significant
SITE_0128,Vishegrad Fortress,6.09693,2.455576,0.014065887177,2,Hot spot with 95% confidence
SITE_0129,Hambar Kaya,6.170785,1.597345,0.110188809024,0,Not statistically significant
SITE_0130,Asar Kaya niches,6.510812,1.628728,0.103370706989,0,Not statistically significant
SITE_0131,Mal Asar,6.170785,1.597345,0.110188809024,0,Not statistically significant
SITE_0132,Sredna Arda Rock cut niches,6.568556,3.547019,0.000389616806,3,Hot spot with 99% confidence
SITE_0133,Shan Kaya,5.514256,3.775098,0.000159944686,3,Hot spot with 99% confidence
SITE_0134,Belovo Basilica,5.349261,0.496341,0.619654133447,0,Not statistically significant
SITE_0135,St. Spas Basilica,5.349261,0.496341,0.619654133447,0,Not statistically significant
SITE_0136,Roman bridge Bratsigovo,4.691598,-0.385334,0.699989684109,0,Not statistically significant
SITE_0137,Dzhenevra,4.691598,0.421042,0.673724113495,0,Not statistically significant
SITE_0138,Pashino Bardo,4.691598,0.432809,0.665153384458,0,Not statistically significant
SITE_0139,Tsepina,6.087149,0.199188,0.842115996942,0,Not statistically significant
SITE_0140,Church of St. Dimitar,4.120756,-0.345233,0.72991889037,0,Not statistically significant
SITE_0141,Peristera Fortress,2.288975,-0.367503,0.713244195355,0,Not statistically significant
SITE_0142,Kulata Gradot,5.186655,0.199188,0.842115996942,0,Not statistically significant
SITE_0143,The tower Kalinkata,5.186655,0.613666,0.539436377451,0,Not statistically significant
SITE_0144,Tatarsko Kale,4.691598,-2.042083,0.041143265503,-2,Cold spot with 95% confidence
SITE_0145,Emporion Pistiros,3.184397,0.496341,0.619654133447,0,Not statistically significant
SITE_0146,Zhaba Mogila,3.793579,-2.13643,0.032644352784,-2,Cold spot with 95% confidence
SITE_0147,Lyubnishko Kale,5.186655,-0.270528,0.78675440525,0,Not statistically significant
SITE_0148,Bona Mansio,2.939324,0.496341,0.619654133447,0,Not statistically significant
SITE_0149,Tell Yunatsite,5.121811,-0.436657,0.662360245715,0,Not statistically significant
SITE_0150,Anevo Kale,4.691598,-3.37328,0.000742784929,-3,Cold spot with 99% confidence
SITE_0151,Asenova Fortress,5.535607,1.1408,0.253953157583,0,Not statistically significant
SITE_0152,Bachkovo Monastery,4.558205,1.1408,0.253953157583,0,Not statistically significant
SITE_0153,Church of St. George Metokha,4.050589,0.63891,0.522881676923,0,Not statistically significant
SITE_0154,Church of the Holy Virgin of Petrich,5.675777,1.1408,0.253953157583,0,Not statistically significant
SITE_0155,Stanimaka Fortress ruins,3.339564,0.63891,0.522881676923,0,Not statistically significant
SITE_0156,Golyama Dragoyna,5.765347,1.9313,0.053445909027,1,Hot spot with 90% confidence
SITE_0157,Monastery of St. Cyril and St. Yulita,4.448766,0.518104,0.604386039628,0,Not statistically significant
SITE_0158,Diocletionopolis,1.66997,-3.785278,0.000153536803,-3,Cold spot with 99% confidence
SITE_0159,Hisarya Basilica 1,2.661085,-3.785278,0.000153536803,-3,Cold spot with 99% confidence
SITE_0160,Hisarya Basilica 3,2.661085,-3.785278,0.000153536803,-3,Cold spot with 99% confidence
SITE_0161,Hisarya Basilica 8,2.661085,-3.785278,0.000153536803,-3,Cold spot with 99% confidence
SITE_0162,Hisarya Fortress walls,2.288975,-3.785278,0.000153536803,-3,Cold spot with 99% confidence
SITE_0163,Hisarya Roman Baths,1.66997,-3.785278,0.000153536803,-3,Cold spot with 99% confidence
SITE_0164,Stone of Tsar Asen,3.675777,-0.778467,0.436293887695,0,Not statistically significant
SITE_0165,Monastery of Saints Cosmas and Damian,5.434693,0.518104,0.604386039628,0,Not statistically significant
SITE_0166,Maltepe,4.491374,-0.839349,0.401273758747,0,Not statistically significant
SITE_0167,Red Church,3.454841,-0.181853,0.855698334445,0,Not statistically significant
SITE_0168,Ancient Theatre of Philippopolis,2.697645,-0.898268,0.369042539479,0,Not statistically significant
SITE_0169,Domus Eirene,4.289624,-0.665184,0.505932652537,0,Not statistically significant
SITE_0170,East Gate Philippopolis,4.356811,-1.255216,0.209400549345,0,Not statistically significant
SITE_0171,Episcopal Great Basilica,4.594547,-0.562854,0.57353401126,0,Not statistically significant
SITE_0172,Hellenistic buildings,5.338768,-0.665184,0.505932652537,0,Not statistically significant
SITE_0173,Hisarya Kapia,4.356811,-1.357545,0.174607989781,0,Not statistically significant
SITE_0174,Inner Fortress wall of Philippopolis,2.790066,-1.357545,0.174607989781,0,Not statistically significant
SITE_0175,Minor Basilica,4.661735,-0.777462,0.436886180694,0,Not statistically significant
SITE_0176,Nebet Tepe,4.356811,-1.357545,0.174607989781,0,Not statistically significant
SITE_0177,Outer Fortress wall of Philippopolis,4.356811,-1.255216,0.209400549345,0,Not statistically significant
SITE_0178,Peristyle building and street intersection,4.289624,-0.665184,0.505932652537,0,Not statistically significant
SITE_0179,Philippopolis Roman Baths I,4.289624,-0.935221,0.349674424666,0,Not statistically significant
SITE_0180,Remains of Fortress wall of Philippopolis,4.289624,-0.665184,0.505932652537,0,Not statistically significant
SITE_0181,Roman Forum of Philippopolis,4.222437,-0.665184,0.505932652537,0,Not statistically significant
SITE_0182,Roman Stadium of Philippopolis,4.289624,-1.394498,0.163167250455,0,Not statistically significant
SITE_0183,Spas Bair hill,3.703224,-0.450423,0.652405278968,0,Not statistically significant
SITE_0184,Belintash,6.4868,1.830808,0.06712920079,1,Hot spot with 90% confidence
SITE_0185,Chetinyova Mogila,5.684728,-3.785278,0.000153536803,-3,Cold spot with 99% confidence
SITE_0186,Horizon mound,3.193413,-3.785278,0.000153536803,-3,Cold spot with 99% confidence
SITE_0187,Royal tomb,4.465347,-3.785278,0.000153536803,-3,Cold spot with 99% confidence
SITE_0188,Church of St. Nicholas,4.661735,-0.646708,0.517821012023,0,Not statistically significant
SITE_0189,Chintulovo mound,3.617391,0.845474,0.397846448713,0,Not statistically significant
SITE_0190,Nanchovata Mogila,3.854848,0.06049,0.951765755955,0,Not statistically significant
SITE_0191,Dyadovo settlement,4.221788,1.318151,0.18745294014,0,Not statistically significant
SITE_0192,Kaloyanovo Mound I,4.452893,0.219253,0.826452660788,0,Not statistically significant
SITE_0193,Kaloyanovo Mound II,4.452893,0.219253,0.826452660788,0,Not statistically significant
SITE_0194,Kaloyanovo Mound III,4.629081,0.219253,0.826452660788,0,Not statistically significant
SITE_0195,Kaloyanovo Tumulus,4.629081,0.219253,0.826452660788,0,Not statistically significant
SITE_0196,Kamen mogila,5.876107,0.219253,0.826452660788,0,Not statistically significant
SITE_0197,Kota 255,4.694384,1.735017,0.082737849618,1,Hot spot with 90% confidence
SITE_0198,Prehistoric Wide Mound,5.556123,1.761409,0.078169128322,1,Hot spot with 90% confidence
SITE_0199,Roman Karanovo mound,5.040605,1.735017,0.082737849618,1,Hot spot with 90% confidence
SITE_0200,Tell Karanovo,5.066391,1.761409,0.078169128322,1,Hot spot with 90% confidence
SITE_0201,Boz Bair,5.204339,0.94733,0.34347058676,0,Not statistically significant
SITE_0202,Boz Bair mound I,5.556715,0.94733,0.34347058676,0,Not statistically significant
SITE_0203,Boz Bair mound II,5.804505,0.94733,0.34347058676,0,Not statistically significant
SITE_0204,Tuida Fortress,3.447358,0.029093,0.976790181252,0,Not statistically significant
SITE_0205,Sokol Himitliyata,4.368837,1.671885,0.09454708855,1,Hot spot with 90% confidence
SITE_0206,Staro Selo Mogila,5.980693,1.139157,0.254637882147,0,Not statistically significant
SITE_0207,Tvarditsa Fortress,5.708531,1.100798,0.270984761751,0,Not statistically significant
SITE_0208,Gela Basilica,5.829137,0.877874,0.380012293293,0,Not statistically significant
SITE_0209,Gradishte Fortress,5.74097,0.877874,0.380012293293,0,Not statistically significant
SITE_0210,Momchilova Fortress,4.840475,2.383677,0.017140659251,2,Hot spot with 95% confidence
SITE_0211,Kaleto Fortress Koshnitsa,4.691598,1.112437,0.265950440665,0,Not statistically significant
SITE_0212,Uleya Cave,4.317335,1.112437,0.265950440665,0,Not statistically significant
SITE_0213,St. Ilia Fortress,4.840475,0.836933,0.40263043571,0,Not statistically significant
SITE_0214,Yagodinska Cave,3.795393,0.836933,0.40263043571,0,Not statistically significant
SITE_0215,Tyovnata dupka,5.165687,1.501527,0.13321936218,0,Not statistically significant
SITE_0216,Bratya Daskalovi mound,4.321521,-0.642349,0.520646805187,0,Not statistically significant
SITE_0217,Momina Mogila,4.629081,0.048471,0.961341233083,0,Not statistically significant
SITE_0218,Buzovo Kale,4.766036,-0.935447,0.349558015277,0,Not statistically significant
SITE_0219,Thracian domed tomb,4.411696,-0.935447,0.349558015277,0,Not statistically significant
SITE_0220,Pizus Fortress,4.114748,2.234791,0.025431081201,2,Hot spot with 95% confidence
SITE_0221,Tomb of Kazanlak,4.278922,-0.935447,0.349558015277,0,Not statistically significant
SITE_0222,Kran Fortress,5.003249,-1.043826,0.296566141128,0,Not statistically significant
SITE_0223,Kesteleva Mogila,3.688993,-0.935447,0.349558015277,0,Not statistically significant
SITE_0224,Malak Dol mound,4.205103,-0.642349,0.520646805187,0,Not statistically significant
SITE_0225,Karasura,3.350848,0.749137,0.453774421107,0,Not statistically significant
SITE_0226,Tomb of Sashnova,3.545789,-1.808172,0.070579746371,-1,Cold spot with 90% confidence
SITE_0227,Golyama Arsenalka tomb,3.193413,-1.808172,0.070579746371,-1,Cold spot with 90% confidence
SITE_0228,Mezideva Fortress,4.691598,-1.043826,0.296566141128,0,Not statistically significant
SITE_0229,Ostrusha tomb,3.491252,-1.043826,0.296566141128,0,Not statistically significant
SITE_0230,Sarafova Mogila,3.441203,-1.043826,0.296566141128,0,Not statistically significant
SITE_0231,Tomb of Helvetia,3.677034,-1.493076,0.135417220842,0,Not statistically significant
SITE_0232,Tomb of Malka Kosmatka,3.793579,-1.493076,0.135417220842,0,Not statistically significant
SITE_0233,Tomb of Seuthes III,3.793579,-1.808172,0.070579746371,-1,Cold spot with 90% confidence
SITE_0234,Tomb of Shushmanets,5.487349,-0.995374,0.319554370148,0,Not statistically significant
SITE_0235,Tomb of Svetitzata,3.545789,-1.043826,0.296566141128,0,Not statistically significant
SITE_0236,Tomb of The Griffins,3.617391,-1.808172,0.070579746371,-1,Cold spot with 90% confidence
SITE_0237,Augusta Traiana Vereia,2.933462,-1.074706,0.282506538495,0,Not statistically significant
SITE_0238,Neolithic dwellings,4.5926,-1.330252,0.183435283922,0,Not statistically significant
SITE_0239,Bereket Mound,3.532743,-1.801087,0.071689159192,-1,Cold spot with 90% confidence
SITE_0240,Roman mineral baths,2.560702,-1.816195,0.069340526046,-1,Cold spot with 90% confidence
SITE_0241,Fortress Zemlen,4.702459,-0.500828,0.6164921939,0,Not statistically significant
SITE_0242,Cheir maj Kaleto,5.072786,2.719651,0.006535094061,3,Hot spot with 99% confidence
SITE_0243,Hisara Fortress,5.477567,2.234791,0.025431081201,2,Hot spot with 95% confidence
SITE_0244,Monastery of St. Athanasius the Great,5.645137,2.234791,0.025431081201,2,Hot spot with 95% confidence
SITE_0245,Kaleto Fortress Bolyarovo,4.18635,1.452863,0.146261715917,0,Not statistically significant
SITE_0246,Ancient Kabile,4.308886,0.375769,0.707088651692,0,Not statistically significant
SITE_0247,Roman residence,4.878647,1.340303,0.180146703483,0,Not statistically significant
SITE_0248,Malkoto Kale Fortress,4.43414,1.173851,0.240454612054,0,Not statistically significant
SITE_0249,Dabilin Fortress,4.423998,0.487828,0.62567167336,0,Not statistically significant
SITE_0250,Zaychi Vrah,5.866524,0.375769,0.707088651692,0,Not statistically significant
